time;global_anomaly
1850-01;-0.67456436
1850-02;-0.333416
1850-03;-0.59132266
1850-04;-0.58872116
1850-05;-0.5081851
1850-06;-0.34424013
1850-07;-0.15979019
1850-08;-0.2076543
1850-09;-0.3847069
1850-10;-0.53312653
1850-11;-0.2825075
1850-12;-0.40367043
1851-01;-0.20073938
1851-02;-0.46933234
1851-03;-0.6460531
1851-04;-0.5421326
1851-05;-0.19762275
1851-06;-0.13670355
1851-07;-0.0968156
1851-08;-0.10175375
1851-09;-0.091244884
1851-10;-0.00836263
1851-11;-0.08189084
1851-12;-0.22754622
1852-01;-0.37509567
1852-02;-0.47672674
1852-03;-0.5597683
1852-04;-0.5853704
1852-05;-0.12741269
1852-06;-0.083659135
1852-07;0.005029385
1852-08;-0.13558698
1852-09;-0.00190167
1852-10;-0.172434
1852-11;-0.3052479
1852-12;0.065385304
1853-01;-0.23259853
1853-02;-0.40372267
1853-03;-0.28042167
1853-04;-0.38631994
1853-05;-0.2678886
1853-06;-0.1423762
1853-07;-0.08344058
1853-08;-0.056647103
1853-09;-0.2502504
1853-10;-0.391768
1853-11;-0.41142052
1853-12;-0.33739907
1854-01;-0.3813734
1854-02;-0.36109406
1854-03;-0.24269956
1854-04;-0.3338324
1854-05;-0.29079238
1854-06;-0.29902688
1854-07;-0.17864197
1854-08;-0.23944739
1854-09;-0.21674344
1854-10;-0.09526511
1854-11;-0.41029203
1854-12;-0.4503518
1855-01;-0.15919624
1855-02;-0.31344938
1855-03;-0.34401497
1855-04;-0.21820337
1855-05;-0.3877071
1855-06;-0.3329626
1855-07;-0.3329893
1855-08;-0.19952463
1855-09;-0.27071294
1855-10;-0.19544719
1855-11;-0.38930947
1855-12;-0.41989732
1856-01;-0.075628236
1856-02;-0.33713824
1856-03;-0.35769272
1856-04;-0.3159384
1856-05;-0.28508008
1856-06;-0.21416615
1856-07;-0.22469248
1856-08;-0.23770598
1856-09;-0.38821492
1856-10;-0.4381357
1856-11;-0.55232793
1856-12;-0.4175237
1857-01;-0.49476224
1857-02;-0.43487996
1857-03;-0.47860673
1857-04;-0.6443354
1857-05;-0.65871185
1857-06;-0.30414528
1857-07;-0.4113695
1857-08;-0.36897412
1857-09;-0.37968943
1857-10;-0.47263545
1857-11;-0.6851335
1857-12;-0.27351704
1858-01;-0.29548538
1858-02;-0.47690183
1858-03;-0.5476575
1858-04;-0.42799428
1858-05;-0.5320951
1858-06;-0.37952122
1858-07;-0.3355508
1858-08;-0.27754986
1858-09;-0.28318587
1858-10;-0.2887329
1858-11;-0.36552474
1858-12;-0.4549887
1859-01;-0.38148466
1859-02;-0.34352297
1859-03;-0.31371728
1859-04;-0.15715948
1859-05;-0.15164812
1859-06;-0.24957645
1859-07;-0.31209
1859-08;-0.24464844
1859-09;-0.393858
1859-10;-0.25472045
1859-11;-0.2875482
1859-12;-0.28437135
1860-01;-0.39058298
1860-02;-0.4682912
1860-03;-0.7864609
1860-04;-0.30610728
1860-05;-0.36362675
1860-06;-0.21145956
1860-07;-0.1847646
1860-08;-0.1142386
1860-09;-0.13131975
1860-10;-0.3459595
1860-11;-0.60494
1860-12;-0.774231
1861-01;-0.91803956
1861-02;-0.6245886
1861-03;-0.41567025
1861-04;-0.38623625
1861-05;-0.6607519
1861-06;-0.25202128
1861-07;-0.29750192
1861-08;-0.041093126
1861-09;-0.27033228
1861-10;-0.47664645
1861-11;-0.45758948
1861-12;-0.35085425
1862-01;-0.82483715
1862-02;-0.7155356
1862-03;-0.5353963
1862-04;-0.52208453
1862-05;-0.3478659
1862-06;-0.3066114
1862-07;-0.3448706
1862-08;-0.4561808
1862-09;-0.3624242
1862-10;-0.44867027
1862-11;-0.6777555
1862-12;-0.8945406
1863-01;-0.07634223
1863-02;-0.24953309
1863-03;-0.3549987
1863-04;-0.28827205
1863-05;-0.3840041
1863-06;-0.36912903
1863-07;-0.3123347
1863-08;-0.29738235
1863-09;-0.35204113
1863-10;-0.5043272
1863-11;-0.44055805
1863-12;-0.50319576
1864-01;-0.8532364
1864-02;-0.5934415
1864-03;-0.49939686
1864-04;-0.54358864
1864-05;-0.32347065
1864-06;-0.11254485
1864-07;-0.25960582
1864-08;-0.3079488
1864-09;-0.4425317
1864-10;-0.6029094
1864-11;-0.45623875
1864-12;-0.5903272
1865-01;-0.17609702
1865-02;-0.46668038
1865-03;-0.66122115
1865-04;-0.4481533
1865-05;-0.37767282
1865-06;-0.1958778
1865-07;-0.21560228
1865-08;-0.21177977
1865-09;-0.17093047
1865-10;-0.26942545
1865-11;-0.33705235
1865-12;-0.4605614
1866-01;-0.1320992
1866-02;-0.40108874
1866-03;-0.6821522
1866-04;-0.4543501
1866-05;-0.5719213
1866-06;-0.0985114
1866-07;-0.00851037
1866-08;-0.2494715
1866-09;-0.37775257
1866-10;-0.4206272
1866-11;-0.29829076
1866-12;-0.40035242
1867-01;-0.40518752
1867-02;-0.3535976
1867-03;-0.6812089
1867-04;-0.4213023
1867-05;-0.57436174
1867-06;-0.35023195
1867-07;-0.25301105
1867-08;-0.33047715
1867-09;-0.14789358
1867-10;-0.12525536
1867-11;-0.19566038
1867-12;-0.44537255
1868-01;-0.6848776
1868-02;-0.69327545
1868-03;-0.33465612
1868-04;-0.36299402
1868-05;-0.28559557
1868-06;-0.29764694
1868-07;-0.059621982
1868-08;-0.1932709
1868-09;-0.34477365
1868-10;-0.22966905
1868-11;-0.42318085
1868-12;-0.31396636
1869-01;-0.33569098
1869-02;0.13131645
1869-03;-0.6257712
1869-04;-0.40569928
1869-05;-0.3099707
1869-06;-0.38451383
1869-07;-0.41707024
1869-08;-0.16793925
1869-09;-0.17162752
1869-10;-0.2934824
1869-11;-0.2818132
1869-12;-0.5365831
1870-01;-0.21106681
1870-02;-0.4544139
1870-03;-0.4983347
1870-04;-0.33294073
1870-05;-0.2977442
1870-06;-0.23123583
1870-07;-0.073357955
1870-08;-0.2582274
1870-09;-0.2023172
1870-10;-0.44285795
1870-11;-0.2658218
1870-12;-0.6663718
1871-01;-0.55831134
1871-02;-0.6715548
1871-03;-0.17169894
1871-04;-0.22192766
1871-05;-0.3622017
1871-06;-0.2864155
1871-07;-0.082433164
1871-08;-0.32236677
1871-09;-0.36107233
1871-10;-0.37327537
1871-11;-0.5226968
1871-12;-0.48901418
1872-01;-0.59878874
1872-02;-0.61987036
1872-03;-0.523702
1872-04;-0.3854148
1872-05;-0.14151993
1872-06;-0.27950048
1872-07;-0.14631678
1872-08;0.008637112
1872-09;-0.17648244
1872-10;-0.2035192
1872-11;-0.32202852
1872-12;-0.5479975
1873-01;-0.26165044
1873-02;-0.28293252
1873-03;-0.4087238
1873-04;-0.4805553
1873-05;-0.3509207
1873-06;-0.32054913
1873-07;-0.17570111
1873-08;-0.22783396
1873-09;-0.40525547
1873-10;-0.3906487
1873-11;-0.46331128
1873-12;-0.3279057
1874-01;-0.19854628
1874-02;-0.43842116
1874-03;-0.6729315
1874-04;-0.4370358
1874-05;-0.33399135
1874-06;-0.56584716
1874-07;-0.16706698
1874-08;-0.2960711
1874-09;-0.16819394
1874-10;-0.47115755
1874-11;-0.41774487
1874-12;-0.31200656
1875-01;-0.5711182
1875-02;-0.4792721
1875-03;-0.56430274
1875-04;-0.35805592
1875-05;-0.2728362
1875-06;-0.27996176
1875-07;-0.18206008
1875-08;-0.24648568
1875-09;-0.23427878
1875-10;-0.23321441
1875-11;-0.50920546
1875-12;-0.57672006
1876-01;-0.51370406
1876-02;-0.33739862
1876-03;-0.36232424
1876-04;-0.42427677
1876-05;-0.59042513
1876-06;-0.35227904
1876-07;-0.21372749
1876-08;-0.32724735
1876-09;-0.41784137
1876-10;-0.29983562
1876-11;-0.60684675
1876-12;-0.64341265
1877-01;-0.41108242
1877-02;-0.20926146
1877-03;-0.091358565
1877-04;-0.3459171
1877-05;-0.41127652
1877-06;-0.13819988
1877-07;-0.016253214
1877-08;0.21073052
1877-09;0.10758122
1877-10;0.11331653
1877-11;0.03397783
1877-12;-0.05556291
1878-01;-0.06979711
1878-02;0.22940955
1878-03;0.36132926
1878-04;0.18853739
1878-05;-0.122401394
1878-06;0.010291125
1878-07;-0.0772364
1878-08;-0.04655335
1878-09;0.020835022
1878-10;-0.1650159
1878-11;-0.14255811
1878-12;-0.3226224
1879-01;-0.23778471
1879-02;-0.26602048
1879-03;-0.2583884
1879-04;-0.38240048
1879-05;-0.34387106
1879-06;-0.28325993
1879-07;-0.2641225
1879-08;-0.26534295
1879-09;-0.23556925
1879-10;-0.15905875
1879-11;-0.397338
1879-12;-0.55045533
1880-01;-0.39386344
1880-02;-0.4498938
1880-03;-0.19438674
1880-04;-0.33803284
1880-05;-0.3253502
1880-06;-0.38053036
1880-07;-0.3148068
1880-08;-0.10718303
1880-09;-0.29703382
1880-10;-0.39094922
1880-11;-0.28068957
1880-12;-0.3172651
1881-01;-0.21463032
1881-02;-0.22458804
1881-03;-0.24820606
1881-04;-0.06252021
1881-05;-0.12189843
1881-06;-0.39908272
1881-07;-0.19404487
1881-08;-0.13816847
1881-09;-0.3007603
1881-10;-0.2305081
1881-11;-0.38121367
1881-12;-0.27132502
1882-01;-0.025385773
1882-02;-0.11726177
1882-03;-0.17708035
1882-04;-0.31474164
1882-05;-0.32572997
1882-06;-0.39225483
1882-07;-0.34102684
1882-08;-0.24510053
1882-09;-0.15044588
1882-10;-0.3990836
1882-11;-0.40350994
1882-12;-0.65474
1883-01;-0.47277278
1883-02;-0.4854322
1883-03;-0.26636964
1883-04;-0.43903488
1883-05;-0.3400283
1883-06;-0.1901544
1883-07;-0.21858145
1883-08;-0.28788334
1883-09;-0.3062682
1883-10;-0.3400996
1883-11;-0.39625064
1883-12;-0.41481745
1884-01;-0.44355372
1884-02;-0.33285657
1884-03;-0.50546813
1884-04;-0.5089616
1884-05;-0.56562126
1884-06;-0.5137893
1884-07;-0.5658637
1884-08;-0.429122
1884-09;-0.5043303
1884-10;-0.463346
1884-11;-0.5852065
1884-12;-0.4897219
1885-01;-0.65614164
1885-02;-0.5527572
1885-03;-0.42101642
1885-04;-0.63497037
1885-05;-0.60631216
1885-06;-0.63664883
1885-07;-0.42047033
1885-08;-0.4050678
1885-09;-0.35673314
1885-10;-0.36150765
1885-11;-0.38425598
1885-12;-0.21760142
1886-01;-0.479745
1886-02;-0.47879001
1886-03;-0.48723003
1886-04;-0.3615867
1886-05;-0.29257125
1886-06;-0.5019767
1886-07;-0.3021988
1886-08;-0.45738658
1886-09;-0.39079213
1886-10;-0.41297862
1886-11;-0.49078947
1886-12;-0.39479798
1887-01;-0.74377
1887-02;-0.65888214
1887-03;-0.44538546
1887-04;-0.48280382
1887-05;-0.52945954
1887-06;-0.52584267
1887-07;-0.38890877
1887-08;-0.44554248
1887-09;-0.3885525
1887-10;-0.4446146
1887-11;-0.43516165
1887-12;-0.49650568
1888-01;-0.6184704
1888-02;-0.58728784
1888-03;-0.59725916
1888-04;-0.35193178
1888-05;-0.41130793
1888-06;-0.3217171
1888-07;-0.3386262
1888-08;-0.31051376
1888-09;-0.32469457
1888-10;-0.16644995
1888-11;-0.26496226
1888-12;-0.2593257
1889-01;-0.2966627
1889-02;-0.006579389
1889-03;-0.08734918
1889-04;-0.08679018
1889-05;-0.15811297
1889-06;-0.21282648
1889-07;-0.28090227
1889-08;-0.30713442
1889-09;-0.34166074
1889-10;-0.37001047
1889-11;-0.5064449
1889-12;-0.34427297
1890-01;-0.53390056
1890-02;-0.46501267
1890-03;-0.6111193
1890-04;-0.49407724
1890-05;-0.53646934
1890-06;-0.49480304
1890-07;-0.48914096
1890-08;-0.46699485
1890-09;-0.482208
1890-10;-0.4391856
1890-11;-0.67008716
1890-12;-0.3992993
1891-01;-0.580199
1891-02;-0.59757084
1891-03;-0.36251077
1891-04;-0.4480748
1891-05;-0.34619382
1891-06;-0.375095
1891-07;-0.39966992
1891-08;-0.3548557
1891-09;-0.25669602
1891-10;-0.3429681
1891-11;-0.5339126
1891-12;-0.21803272
1892-01;-0.4647994
1892-02;-0.2896702
1892-03;-0.532998
1892-04;-0.5456076
1892-05;-0.4568904
1892-06;-0.43644238
1892-07;-0.5867592
1892-08;-0.508325
1892-09;-0.3824375
1892-10;-0.43382177
1892-11;-0.66069424
1892-12;-0.7922568
1893-01;-1.0448953
1893-02;-0.84499276
1893-03;-0.42680097
1893-04;-0.5148424
1893-05;-0.5721378
1893-06;-0.44231105
1893-07;-0.24375539
1893-08;-0.2869543
1893-09;-0.36513734
1893-10;-0.30426577
1893-11;-0.404811
1893-12;-0.4845268
1894-01;-0.6276136
1894-02;-0.42949706
1894-03;-0.51159126
1894-04;-0.53747475
1894-05;-0.5191684
1894-06;-0.583648
1894-07;-0.39212567
1894-08;-0.35357937
1894-09;-0.4396966
1894-10;-0.3990114
1894-11;-0.460066
1894-12;-0.551695
1895-01;-0.6359875
1895-02;-0.6417986
1895-03;-0.6178789
1895-04;-0.46109405
1895-05;-0.48253113
1895-06;-0.4253601
1895-07;-0.3349007
1895-08;-0.37724775
1895-09;-0.39428148
1895-10;-0.3257419
1895-11;-0.3213687
1895-12;-0.36682844
1896-01;-0.3152051
1896-02;-0.33662146
1896-03;-0.58836246
1896-04;-0.5460314
1896-05;-0.35611972
1896-06;-0.23009133
1896-07;-0.18243536
1896-08;-0.1715636
1896-09;-0.15527536
1896-10;-0.117941946
1896-11;-0.31405124
1896-12;-0.094388485
1897-01;-0.3000984
1897-02;-0.3486073
1897-03;-0.41547
1897-04;-0.1176401
1897-05;-0.11408224
1897-06;-0.1627357
1897-07;-0.18704693
1897-08;-0.1854231
1897-09;-0.18626954
1897-10;-0.21232262
1897-11;-0.4227442
1897-12;-0.46516183
1898-01;-0.19924784
1898-02;-0.55612665
1898-03;-0.8427487
1898-04;-0.663013
1898-05;-0.55958927
1898-06;-0.33471388
1898-07;-0.39475092
1898-08;-0.3894281
1898-09;-0.37076962
1898-10;-0.5009573
1898-11;-0.5286319
1898-12;-0.4895283
1899-01;-0.3598041
1899-02;-0.5540309
1899-03;-0.5889544
1899-04;-0.4393416
1899-05;-0.35891113
1899-06;-0.5010004
1899-07;-0.36553654
1899-08;-0.23979759
1899-09;-0.1515833
1899-10;-0.18313703
1899-11;-0.056940768
1899-12;-0.466166
1900-01;-0.5065199
1900-02;-0.2028605
1900-03;-0.19967249
1900-04;-0.22413696
1900-05;-0.30258486
1900-06;-0.21710625
1900-07;-0.19088483
1900-08;-0.21078074
1900-09;-0.19568677
1900-10;-0.0647567
1900-11;-0.26252335
1900-12;-0.23623504
1901-01;-0.28059345
1901-02;-0.26819772
1901-03;-0.20081724
1901-04;-0.1753031
1901-05;-0.24934465
1901-06;-0.23662645
1901-07;-0.3289457
1901-08;-0.2050631
1901-09;-0.35517338
1901-10;-0.3407429
1901-11;-0.39582872
1901-12;-0.48450628
1902-01;-0.43956748
1902-02;-0.23221202
1902-03;-0.47400042
1902-04;-0.4305058
1902-05;-0.43023685
1902-06;-0.44518706
1902-07;-0.38915876
1902-08;-0.42510903
1902-09;-0.37280047
1902-10;-0.5005036
1902-11;-0.56261593
1902-12;-0.565914
1903-01;-0.4344225
1903-02;-0.24027054
1903-03;-0.39843398
1903-04;-0.58799607
1903-05;-0.5160877
1903-06;-0.5476815
1903-07;-0.5052094
1903-08;-0.60140806
1903-09;-0.55975336
1903-10;-0.66481555
1903-11;-0.62978834
1903-12;-0.71404976
1904-01;-0.806605
1904-02;-0.769914
1904-03;-0.6964779
1904-04;-0.6468306
1904-05;-0.6093934
1904-06;-0.5641545
1904-07;-0.5530446
1904-08;-0.4784086
1904-09;-0.59661376
1904-10;-0.55304295
1904-11;-0.39660597
1904-12;-0.49964583
1905-01;-0.46341595
1905-02;-0.72016865
1905-03;-0.52405393
1905-04;-0.5589943
1905-05;-0.43423653
1905-06;-0.34258264
1905-07;-0.37310305
1905-08;-0.30447677
1905-09;-0.34519514
1905-10;-0.3351493
1905-11;-0.21728525
1905-12;-0.27435452
1906-01;-0.29668435
1906-02;-0.3885811
1906-03;-0.289529
1906-04;-0.10402012
1906-05;-0.3765242
1906-06;-0.23253845
1906-07;-0.34295923
1906-08;-0.27118164
1906-09;-0.35302594
1906-10;-0.32229662
1906-11;-0.53179437
1906-12;-0.32053673
1907-01;-0.52930236
1907-02;-0.6185913
1907-03;-0.43793064
1907-04;-0.4779983
1907-05;-0.6450355
1907-06;-0.5440585
1907-07;-0.42508972
1907-08;-0.4910157
1907-09;-0.3986793
1907-10;-0.33594123
1907-11;-0.55637306
1907-12;-0.58987683
1908-01;-0.46647665
1908-02;-0.4139059
1908-03;-0.7040725
1908-04;-0.5884082
1908-05;-0.45306396
1908-06;-0.41279954
1908-07;-0.40103948
1908-08;-0.48125657
1908-09;-0.3872215
1908-10;-0.5747282
1908-11;-0.6453218
1908-12;-0.63815445
1909-01;-0.7629406
1909-02;-0.53553337
1909-03;-0.6521415
1909-04;-0.63281554
1909-05;-0.5918205
1909-06;-0.50006735
1909-07;-0.5237631
1909-08;-0.3369181
1909-09;-0.4156719
1909-10;-0.49451607
1909-11;-0.38665202
1909-12;-0.59633845
1910-01;-0.4327842
1910-02;-0.5290626
1910-03;-0.6189373
1910-04;-0.5349184
1910-05;-0.5368389
1910-06;-0.5593434
1910-07;-0.43475804
1910-08;-0.38878688
1910-09;-0.4229382
1910-10;-0.48481956
1910-11;-0.672429
1910-12;-0.7566741
1911-01;-0.66804653
1911-02;-0.70603365
1911-03;-0.7639851
1911-04;-0.64364564
1911-05;-0.6272078
1911-06;-0.55432284
1911-07;-0.49260998
1911-08;-0.5064451
1911-09;-0.4982411
1911-10;-0.34511527
1911-11;-0.34931326
1911-12;-0.315495
1912-01;-0.32940087
1912-02;-0.31491742
1912-03;-0.5543457
1912-04;-0.33788237
1912-05;-0.3352509
1912-06;-0.28508794
1912-07;-0.50730854
1912-08;-0.57247293
1912-09;-0.6437677
1912-10;-0.6791174
1912-11;-0.55792326
1912-12;-0.59060127
1913-01;-0.5636491
1913-02;-0.55008626
1913-03;-0.60579985
1913-04;-0.5340449
1913-05;-0.54116863
1913-06;-0.5514844
1913-07;-0.47697932
1913-08;-0.39560005
1913-09;-0.41690665
1913-10;-0.43836418
1913-11;-0.36772293
1913-12;-0.16402407
1914-01;-0.078474745
1914-02;-0.27010897
1914-03;-0.39748344
1914-04;-0.4089052
1914-05;-0.30789974
1914-06;-0.30798316
1914-07;-0.2969515
1914-08;-0.24459992
1914-09;-0.30140656
1914-10;-0.110274434
1914-11;-0.19029672
1914-12;-0.23672462
1915-01;-0.28745866
1915-02;-0.22042616
1915-03;-0.19399805
1915-04;-0.082622275
1915-05;-0.16808057
1915-06;-0.17210917
1915-07;-0.16903177
1915-08;-0.06681827
1915-09;-0.120297745
1915-10;-0.28610688
1915-11;-0.17281866
1915-12;-0.3623588
1916-01;-0.33786005
1916-02;-0.26403636
1916-03;-0.43909237
1916-04;-0.37517795
1916-05;-0.41811523
1916-06;-0.49483928
1916-07;-0.38488427
1916-08;-0.29676017
1916-09;-0.3218673
1916-10;-0.3744158
1916-11;-0.5142024
1916-12;-0.8212685
1917-01;-0.6892141
1917-02;-0.715982
1917-03;-0.78429514
1917-04;-0.5461108
1917-05;-0.6442835
1917-06;-0.47886908
1917-07;-0.24527456
1917-08;-0.33282208
1917-09;-0.2979707
1917-10;-0.53561026
1917-11;-0.45924768
1917-12;-0.7865544
1918-01;-0.5179739
1918-02;-0.67216516
1918-03;-0.57906806
1918-04;-0.6234592
1918-05;-0.5252177
1918-06;-0.38651752
1918-07;-0.36958522
1918-08;-0.42982036
1918-09;-0.25825897
1918-10;-0.11888721
1918-11;-0.18980259
1918-12;-0.42425612
1919-01;-0.25126135
1919-02;-0.24207273
1919-03;-0.39209825
1919-04;-0.21141803
1919-05;-0.30793867
1919-06;-0.35769194
1919-07;-0.29989257
1919-08;-0.2381391
1919-09;-0.28606114
1919-10;-0.25880492
1919-11;-0.5575256
1919-12;-0.5033144
1920-01;-0.25863704
1920-02;-0.545883
1920-03;-0.17207259
1920-04;-0.33658424
1920-05;-0.25627613
1920-06;-0.23811027
1920-07;-0.30046934
1920-08;-0.22659715
1920-09;-0.1964555
1920-10;-0.21776049
1920-11;-0.3456471
1920-12;-0.4884766
1921-01;-0.21760732
1921-02;-0.29521245
1921-03;-0.34263408
1921-04;-0.29096943
1921-05;-0.30159548
1921-06;-0.15440017
1921-07;-0.15540703
1921-08;-0.32134694
1921-09;-0.20710628
1921-10;-0.13444184
1921-11;-0.19592439
1921-12;-0.27147904
1922-01;-0.419077
1922-02;-0.40880406
1922-03;-0.344148
1922-04;-0.29111138
1922-05;-0.46964964
1922-06;-0.29270366
1922-07;-0.2590808
1922-08;-0.355893
1922-09;-0.32432133
1922-10;-0.34514487
1922-11;-0.25539744
1922-12;-0.30540624
1923-01;-0.40372258
1923-02;-0.4944323
1923-03;-0.45562357
1923-04;-0.41038665
1923-05;-0.4038749
1923-06;-0.25269112
1923-07;-0.41963744
1923-08;-0.32384917
1923-09;-0.34093276
1923-10;-0.1764545
1923-11;-0.03351226
1923-12;-0.10004945
1924-01;-0.32711104
1924-02;-0.31528232
1924-03;-0.17595449
1924-04;-0.34247932
1924-05;-0.21757317
1924-06;-0.27555224
1924-07;-0.29391536
1924-08;-0.3172419
1924-09;-0.33069578
1924-10;-0.36585054
1924-11;-0.2907367
1924-12;-0.49235374
1925-01;-0.49163565
1925-02;-0.48531267
1925-03;-0.37375176
1925-04;-0.30694255
1925-05;-0.3056574
1925-06;-0.33413643
1925-07;-0.33086437
1925-08;-0.16828516
1925-09;-0.25893372
1925-10;-0.28853402
1925-11;-0.059098415
1925-12;0.014048895
1926-01;0.08253241
1926-02;-0.035031483
1926-03;0.023573108
1926-04;-0.1579929
1926-05;-0.27003446
1926-06;-0.18281585
1926-07;-0.2084477
1926-08;-0.10001693
1926-09;-0.11788381
1926-10;-0.06996329
1926-11;-0.115788996
1926-12;-0.32215574
1927-01;-0.31123906
1927-02;-0.21210012
1927-03;-0.41895348
1927-04;-0.3145047
1927-05;-0.23004514
1927-06;-0.24831119
1927-07;-0.20484532
1927-08;-0.21330415
1927-09;-0.11964897
1927-10;-0.02967228
1927-11;-0.12667355
1927-12;-0.32356292
1928-01;-0.017104585
1928-02;-0.124669254
1928-03;-0.3195826
1928-04;-0.23520902
1928-05;-0.3014689
1928-06;-0.32672966
1928-07;-0.1883196
1928-08;-0.17851628
1928-09;-0.20668688
1928-10;-0.1840448
1928-11;-0.17209516
1928-12;-0.22671194
1929-01;-0.4364513
1929-02;-0.6036853
1929-03;-0.48715258
1929-04;-0.4373352
1929-05;-0.4345294
1929-06;-0.40885338
1929-07;-0.4396209
1929-08;-0.2663079
1929-09;-0.27733904
1929-10;-0.22126578
1929-11;-0.14017749
1929-12;-0.5603613
1930-01;-0.3631465
1930-02;-0.35584554
1930-03;-0.24732758
1930-04;-0.23128887
1930-05;-0.25067642
1930-06;-0.20374553
1930-07;-0.1882644
1930-08;-0.09765256
1930-09;-0.092231415
1930-10;-0.090577535
1930-11;0.06376379
1930-12;-0.06467221
1931-01;-0.13693942
1931-02;-0.2586906
1931-03;-0.10919364
1931-04;-0.17070459
1931-05;-0.19289996
1931-06;-0.02544678
1931-07;-0.008178203
1931-08;-0.026662722
1931-09;-0.051968556
1931-10;-0.026985472
1931-11;-0.13579522
1931-12;-0.09730702
1932-01;0.07975415
1932-02;-0.17805362
1932-03;-0.1947655
1932-04;-0.061219946
1932-05;-0.15982142
1932-06;-0.25541136
1932-07;-0.12971984
1932-08;-0.18982057
1932-09;-0.000550666
1932-10;-0.09439127
1932-11;-0.29486138
1932-12;-0.26667866
1933-01;-0.31109115
1933-02;-0.35099408
1933-03;-0.3851551
1933-04;-0.28470516
1933-05;-0.2769364
1933-06;-0.32360965
1933-07;-0.2903949
1933-08;-0.15375972
1933-09;-0.32664743
1933-10;-0.245828
1933-11;-0.40483868
1933-12;-0.5141726
1934-01;-0.32326755
1934-02;-0.1451731
1934-03;-0.4310569
1934-04;-0.37176266
1934-05;-0.14018929
1934-06;-0.09232751
1934-07;-0.17809097
1934-08;-0.11440116
1934-09;-0.13450967
1934-10;-0.08177011
1934-11;0.031826723
1934-12;-0.111320004
1935-01;-0.3479727
1935-02;0.04972145
1935-03;-0.21446298
1935-04;-0.3228376
1935-05;-0.31434223
1935-06;-0.2092866
1935-07;-0.14094204
1935-08;-0.14877552
1935-09;-0.19052882
1935-10;-0.055213235
1935-11;-0.32153568
1935-12;-0.25653476
1936-01;-0.39848116
1936-02;-0.34311983
1936-03;-0.32916442
1936-04;-0.1883213
1936-05;-0.17232911
1936-06;-0.14899857
1936-07;-0.06987007
1936-08;-0.07327964
1936-09;-0.108766146
1936-10;-0.041382577
1936-11;-0.054110777
1936-12;-0.10642759
1937-01;-0.12685171
1937-02;0.066486835
1937-03;-0.26192847
1937-04;-0.121213466
1937-05;-0.091207266
1937-06;-0.008428331
1937-07;0.019690081
1937-08;0.036828596
1937-09;0.14490855
1937-10;0.12801065
1937-11;0.061703082
1937-12;-0.0783857
1938-01;0.04551444
1938-02;-0.009824214
1938-03;-0.015279184
1938-04;0.04000326
1938-05;-0.09591497
1938-06;-0.09364482
1938-07;-0.04622565
1938-08;-0.002844417
1938-09;0.01991738
1938-10;0.16282216
1938-11;0.054737236
1938-12;-0.20567
1939-01;-0.121787794
1939-02;-0.117604576
1939-03;-0.28873166
1939-04;-0.106402785
1939-05;-0.03005215
1939-06;0.014760026
1939-07;-0.037748978
1939-08;-0.04066755
1939-09;-0.017160367
1939-10;-0.09934573
1939-11;0.021302136
1939-12;0.33387345
1940-01;-0.052654818
1940-02;0.08632718
1940-03;-0.035766255
1940-04;0.14895241
1940-05;0.0502412
1940-06;0.044663727
1940-07;0.1482532
1940-08;0.09961082
1940-09;0.13118677
1940-10;0.09584135
1940-11;-0.004656185
1940-12;0.19923072
1941-01;-0.039560955
1941-02;0.11823889
1941-03;-0.11652528
1941-04;0.036228664
1941-05;0.06123504
1941-06;0.0596246
1941-07;0.16075781
1941-08;0.039676894
1941-09;-0.14452067
1941-10;0.21426645
1941-11;-0.007257905
1941-12;0.07538852
1942-01;0.25783694
1942-02;0.016801072
1942-03;-0.041579403
1942-04;-0.015153615
1942-05;0.12379065
1942-06;0.030325836
1942-07;-0.059752498
1942-08;-0.05740612
1942-09;-0.013465349
1942-10;-0.08694347
1942-11;-0.057510037
1942-12;-0.080070905
1943-01;-0.18267323
1943-02;-0.03061434
1943-03;-0.16772735
1943-04;0.022969417
1943-05;0.03550913
1943-06;-0.07487101
1943-07;0.018335527
1943-08;0.031610876
1943-09;-0.013441508
1943-10;0.2277136
1943-11;0.10388872
1943-12;0.10626907
1944-01;0.31816214
1944-02;0.11862034
1944-03;0.12006746
1944-04;0.04225588
1944-05;0.119925626
1944-06;0.10735916
1944-07;0.14871696
1944-08;0.20666182
1944-09;0.16769068
1944-10;0.20805594
1944-11;0.08847658
1944-12;0.083269
1945-01;0.09508047
1945-02;0.04839935
1945-03;0.03865824
1945-04;0.20985286
1945-05;-0.061685707
1945-06;-0.03652022
1945-07;0.000423247
1945-08;0.2362124
1945-09;0.1028386
1945-10;0.094233386
1945-11;-0.010639086
1945-12;-0.19979319
1946-01;0.046495322
1946-02;-0.11574643
1946-03;-0.1215551
1946-04;-0.001070216
1946-05;-0.082718804
1946-06;-0.27002892
1946-07;-0.109389625
1946-08;-0.15412526
1946-09;-0.09819822
1946-10;-0.06812635
1946-11;-0.10808773
1946-12;-0.34320223
1947-01;-0.15051101
1947-02;-0.14106397
1947-03;-0.07618291
1947-04;-0.054869834
1947-05;-0.07080105
1947-06;-0.092732966
1947-07;-0.06481824
1947-08;-0.11288264
1947-09;-0.16043018
1947-10;0.033811674
1947-11;0.02912334
1947-12;-0.23310879
1948-01;-0.01899665
1948-02;-0.23857601
1948-03;-0.28302348
1948-04;-0.114602394
1948-05;0.057578247
1948-06;-0.008215971
1948-07;-0.12959683
1948-08;-0.047574744
1948-09;-0.13380374
1948-10;-0.05680375
1948-11;-0.17333214
1948-12;-0.3489878
1949-01;-0.018578093
1949-02;-0.24225992
1949-03;-0.10957818
1949-04;-0.14671299
1949-05;-0.11125475
1949-06;-0.23316567
1949-07;-0.18007946
1949-08;-0.07750365
1949-09;-0.123270296
1949-10;-0.08973549
1949-11;-0.1810419
1949-12;-0.21244651
1950-01;-0.30004355
1950-02;-0.37003636
1950-03;-0.21643834
1950-04;-0.24361573
1950-05;-0.13729778
1950-06;-0.105043374
1950-07;-0.10670231
1950-08;-0.15261763
1950-09;-0.24503586
1950-10;-0.20104446
1950-11;-0.38081577
1950-12;-0.26077038
1951-01;-0.36034262
1951-02;-0.5093785
1951-03;-0.2620192
1951-04;-0.1080777
1951-05;0.032269213
1951-06;0.060181145
1951-07;0.03866412
1951-08;0.12133113
1951-09;0.13226272
1951-10;0.12436143
1951-11;-0.07229671
1951-12;0.0691973
1952-01;0.09402644
1952-02;0.068350874
1952-03;-0.16353902
1952-04;0.04558809
1952-05;0.022243695
1952-06;0.023484357
1952-07;0.09006012
1952-08;0.096942395
1952-09;0.09621102
1952-10;-0.016534438
1952-11;-0.13228506
1952-12;-0.04029371
1953-01;-0.009005178
1953-02;0.09501191
1953-03;0.018006958
1953-04;0.22455436
1953-05;0.14901619
1953-06;0.1404282
1953-07;0.043144584
1953-08;0.08707856
1953-09;0.08630111
1953-10;0.08342033
1953-11;-0.005809958
1953-12;0.01942187
1954-01;-0.2434586
1954-02;-0.089074455
1954-03;-0.18339783
1954-04;-0.11477188
1954-05;-0.17059736
1954-06;-0.1296339
1954-07;-0.19616233
1954-08;-0.10182279
1954-09;-0.11330111
1954-10;-0.011538466
1954-11;0.11638409
1954-12;-0.16362791
1955-01;0.10597788
1955-02;-0.19271314
1955-03;-0.3963696
1955-04;-0.22909744
1955-05;-0.23882908
1955-06;-0.17836486
1955-07;-0.20829603
1955-08;-0.08842416
1955-09;-0.14314792
1955-10;-0.11328784
1955-11;-0.32083783
1955-12;-0.36432907
1956-01;-0.2403825
1956-02;-0.28243503
1956-03;-0.35645252
1956-04;-0.30645922
1956-05;-0.33606264
1956-06;-0.22652255
1956-07;-0.2106352
1956-08;-0.28964865
1956-09;-0.2734754
1956-10;-0.26315844
1956-11;-0.21516415
1956-12;-0.1575909
1957-01;-0.22153524
1957-02;-0.15856388
1957-03;-0.1975386
1957-04;-0.041761864
1957-05;0.03177997
1957-06;0.06454678
1957-07;-0.06267592
1957-08;0.07285775
1957-09;0.041351955
1957-10;-0.000792038
1957-11;-0.00397586
1957-12;0.05228784
1958-01;0.25472188
1958-02;0.09280772
1958-03;0.005255458
1958-04;-0.06950849
1958-05;0.016476592
1958-06;-0.15305896
1958-07;-0.020030653
1958-08;-0.083085604
1958-09;-0.11479923
1958-10;-0.019471264
1958-11;-0.038575903
1958-12;-0.08232217
1959-01;0.013691866
1959-02;-0.005084035
1959-03;0.016677765
1959-04;0.026267799
1959-05;-0.03853143
1959-06;-0.001816517
1959-07;-0.043648165
1959-08;-0.041345503
1959-09;-0.14124896
1959-10;-0.071337834
1959-11;-0.18634169
1959-12;-0.10334121
1960-01;-0.11465857
1960-02;0.02281142
1960-03;-0.44688365
1960-04;-0.26193932
1960-05;-0.17928644
1960-06;-0.1261228
1960-07;-0.11407162
1960-08;-0.006310927
1960-09;0.003214442
1960-10;-0.031158555
1960-11;-0.21504581
1960-12;0.0836075
1961-01;-0.052229382
1961-02;0.09082804
1961-03;-0.0616479
1961-04;0.06100269
1961-05;0.067880936
1961-06;0.08760505
1961-07;-0.03974989
1961-08;-0.016852155
1961-09;-0.030176053
1961-10;-0.06376159
1961-11;-0.031068904
1961-12;-0.25179952
1962-01;-0.05704969
1962-02;0.012157755
1962-03;0.018748457
1962-04;-0.026072158
1962-05;-0.18164511
1962-06;-0.056267038
1962-07;-0.10915736
1962-08;-0.10973202
1962-09;-0.07493823
1962-10;-0.038202044
1962-11;-0.020875225
1962-12;-0.12562062
1963-01;-0.121948205
1963-02;0.040044732
1963-03;-0.3409997
1963-04;-0.17912978
1963-05;-0.1466549
1963-06;-0.06680599
1963-07;0.05953688
1963-08;0.14581573
1963-09;0.12205969
1963-10;0.06423311
1963-11;0.04470364
1963-12;-0.062525906
1964-01;-0.19452871
1964-02;-0.22300385
1964-03;-0.38280848
1964-04;-0.44159797
1964-05;-0.37424895
1964-06;-0.16659828
1964-07;-0.20062846
1964-08;-0.30053315
1964-09;-0.4045793
1964-10;-0.3114203
1964-11;-0.2988282
1964-12;-0.3716253
1965-01;-0.16228765
1965-02;-0.26308617
1965-03;-0.2597472
1965-04;-0.29863888
1965-05;-0.19161598
1965-06;-0.20754607
1965-07;-0.26655743
1965-08;-0.1619956
1965-09;-0.24531643
1965-10;-0.10577728
1965-11;-0.1437657
1965-12;-0.14632036
1966-01;-0.28320545
1966-02;-0.16757779
1966-03;-0.1708448
1966-04;-0.17045191
1966-05;-0.21843779
1966-06;-0.10499999
1966-07;0.003039209
1966-08;-0.10166964
1966-09;-0.08658218
1966-10;-0.23768093
1966-11;-0.10768294
1966-12;-0.14052084
1967-01;-0.21960148
1967-02;-0.32817873
1967-03;-0.09374347
1967-04;-0.13242696
1967-05;0.057162356
1967-06;-0.108169004
1967-07;-0.067892365
1967-08;-0.099165745
1967-09;-0.12451488
1967-10;-0.020286117
1967-11;-0.119650505
1967-12;-0.1537288
1968-01;-0.32466504
1968-02;-0.26771057
1968-03;-0.003727732
1968-04;-0.18043014
1968-05;-0.22587559
1968-06;-0.15176927
1968-07;-0.19500259
1968-08;-0.12997681
1968-09;-0.22645247
1968-10;0.008175721
1968-11;-0.13496026
1968-12;-0.1911928
1969-01;-0.16237703
1969-02;-0.1970934
1969-03;-0.13277553
1969-04;0.049255937
1969-05;0.06528902
1969-06;0.005681608
1969-07;-0.1091712
1969-08;-0.07289227
1969-09;-0.013110088
1969-10;0.000908772
1969-11;0.023137517
1969-12;0.16674611
1970-01;0.014005779
1970-02;0.063759334
1970-03;-0.08814179
1970-04;-0.07942118
1970-05;-0.14084856
1970-06;-0.1370101
1970-07;-0.11218003
1970-08;-0.1992122
1970-09;-0.030715683
1970-10;-0.06031036
1970-11;-0.058197107
1970-12;-0.1930069
1971-01;-0.14365958
1971-02;-0.2726155
1971-03;-0.33664557
1971-04;-0.23293439
1971-05;-0.1979984
1971-06;-0.2552373
1971-07;-0.18479517
1971-08;-0.1812137
1971-09;-0.12637776
1971-10;-0.15617602
1971-11;-0.15279908
1971-12;-0.23074044
1972-01;-0.37904298
1972-02;-0.2778282
1972-03;-0.14302962
1972-04;-0.12759815
1972-05;-0.082474515
1972-06;-0.031909496
1972-07;-0.09311811
1972-08;0.061222523
1972-09;-0.052398738
1972-10;-0.056839254
1972-11;-0.051805325
1972-12;0.10889668
1973-01;0.100870065
1973-02;0.15933001
1973-03;0.11498204
1973-04;0.19915819
1973-05;0.10814754
1973-06;0.106045224
1973-07;0.01621605
1973-08;-0.027661854
1973-09;-0.035152175
1973-10;0.010822021
1973-11;-0.025164139
1973-12;-0.1283927
1974-01;-0.28239968
1974-02;-0.4465835
1974-03;-0.23716211
1974-04;-0.20168932
1974-05;-0.1265853
1974-06;-0.11528032
1974-07;-0.13573898
1974-08;0.023082737
1974-09;-0.09269041
1974-10;-0.11529485
1974-11;-0.12621354
1974-12;-0.21389274
1975-01;-0.0966292
1975-02;-0.020880949
1975-03;-0.01112924
1975-04;-0.051968537
1975-05;0.053007245
1975-06;-0.060783383
1975-07;-0.10466969
1975-08;-0.23242185
1975-09;-0.139501
1975-10;-0.15371256
1975-11;-0.26358986
1975-12;-0.24677186
1976-01;-0.16959351
1976-02;-0.23186125
1976-03;-0.33692366
1976-04;-0.18590008
1976-05;-0.35880587
1976-06;-0.23977908
1976-07;-0.17275204
1976-08;-0.24235126
1976-09;-0.15119453
1976-10;-0.3322862
1976-11;-0.13943368
1976-12;-0.02945889
1977-01;0.15336634
1977-02;0.10381479
1977-03;0.07475545
1977-04;0.13446581
1977-05;0.22771347
1977-06;0.20780508
1977-07;0.14251913
1977-08;0.1298329
1977-09;-0.001990325
1977-10;-0.01617223
1977-11;0.12106576
1977-12;-0.04011389
1978-01;0.036995538
1978-02;0.07385509
1978-03;0.059285987
1978-04;0.053218562
1978-05;0.011515901
1978-06;-0.055066437
1978-07;0.016265042
1978-08;-0.2168574
1978-09;0.04174579
1978-10;-0.059895515
1978-11;0.091779426
1978-12;0.010227291
1979-01;0.0516812
1979-02;-0.17951806
1979-03;0.06694152
1979-04;0.07699999
1979-05;-0.022435743
1979-06;0.050191652
1979-07;0.018005762
1979-08;0.114524774
1979-09;0.17285156
1979-10;0.14730756
1979-11;0.20778532
1979-12;0.38596204
1980-01;0.2527261
1980-02;0.3607043
1980-03;0.21667273
1980-04;0.23393515
1980-05;0.2456877
1980-06;0.13180715
1980-07;0.20636384
1980-08;0.16441017
1980-09;0.123579785
1980-10;0.097044446
1980-11;0.20625903
1980-12;0.113674425
1981-01;0.44390386
1981-02;0.33654687
1981-03;0.33077422
1981-04;0.19894964
1981-05;0.14773263
1981-06;0.24469398
1981-07;0.26434663
1981-08;0.31205258
1981-09;0.1367701
1981-10;0.05529363
1981-11;0.16566867
1981-12;0.3634116
1982-01;-0.024068523
1982-02;0.06821714
1982-03;-0.13698223
1982-04;0.020402594
1982-05;0.09071928
1982-06;-0.001313923
1982-07;0.075844936
1982-08;-0.045588225
1982-09;0.016534334
1982-10;0.041061886
1982-11;0.029048067
1982-12;0.27728456
1983-01;0.3584244
1983-02;0.33635557
1983-03;0.24756545
1983-04;0.17535253
1983-05;0.22204514
1983-06;0.16691586
1983-07;0.114927486
1983-08;0.28377086
1983-09;0.3260587
1983-10;0.113148384
1983-11;0.24547733
1983-12;0.096021675
1984-01;0.15764055
1984-02;0.02001983
1984-03;0.14398187
1984-04;0.010137831
1984-05;0.21433139
1984-06;-0.038575307
1984-07;0.024865314
1984-08;0.08923666
1984-09;0.12719487
1984-10;0.040902097
1984-11;-0.05765004
1984-12;-0.15602855
1985-01;0.1155558
1985-02;-0.104183674
1985-03;0.04271185
1985-04;0.002820451
1985-05;0.067987494
1985-06;0.12117828
1985-07;-0.022891713
1985-08;0.1431363
1985-09;0.11767927
1985-10;0.039328277
1985-11;0.018120727
1985-12;0.05531433
1986-01;0.11670128
1986-02;0.3093589
1986-03;0.13820964
1986-04;0.13485684
1986-05;0.13101041
1986-06;0.039869342
1986-07;0.042954296
1986-08;0.08790163
1986-09;0.024142634
1986-10;0.051004555
1986-11;0.04011416
1986-12;0.03212002
1987-01;0.22004549
1987-02;0.31599578
1987-03;0.104251325
1987-04;0.1889307
1987-05;0.16939573
1987-06;0.26585034
1987-07;0.34769198
1987-08;0.21050136
1987-09;0.26593548
1987-10;0.26956236
1987-11;0.18613108
1987-12;0.37202516
1988-01;0.45912874
1988-02;0.33302152
1988-03;0.38519633
1988-04;0.32767174
1988-05;0.31933275
1988-06;0.33036658
1988-07;0.2556859
1988-08;0.25767827
1988-09;0.25825685
1988-10;0.254709
1988-11;0.028571693
1988-12;0.17620139
1989-01;-0.026005011
1989-02;0.23738506
1989-03;0.18512788
1989-04;0.14958581
1989-05;0.038256668
1989-06;0.09383323
1989-07;0.26380813
1989-08;0.25223345
1989-09;0.29773393
1989-10;0.26001906
1989-11;0.11531052
1989-12;0.2837144
1990-01;0.28277373
1990-02;0.27884814
1990-03;0.6347864
1990-04;0.4940245
1990-05;0.40596974
1990-06;0.3151888
1990-07;0.3796524
1990-08;0.28095096
1990-09;0.22031836
1990-10;0.38645974
1990-11;0.35899177
1990-12;0.28878504
1991-01;0.30340114
1991-02;0.4070458
1991-03;0.24740836
1991-04;0.43600866
1991-05;0.31398752
1991-06;0.4334769
1991-07;0.46741664
1991-08;0.3620418
1991-09;0.35283542
1991-10;0.25118244
1991-11;0.25364134
1991-12;0.23831235
1992-01;0.36292845
1992-02;0.34844932
1992-03;0.30922496
1992-04;0.16185239
1992-05;0.16797747
1992-06;0.15643431
1992-07;0.005340144
1992-08;0.03774724
1992-09;-0.08989003
1992-10;-0.022682328
1992-11;-0.03733942
1992-12;0.09871902
1993-01;0.26102662
1993-02;0.28333446
1993-03;0.23608007
1993-04;0.19514883
1993-05;0.19503304
1993-06;0.16445984
1993-07;0.15863112
1993-08;0.08418279
1993-09;0.045521
1993-10;0.15051654
1993-11;0.06566895
1993-12;0.14829831
1994-01;0.20031649
1994-02;0.014015401
1994-03;0.23547028
1994-04;0.25558206
1994-05;0.20769499
1994-06;0.31435218
1994-07;0.18217762
1994-08;0.1732785
1994-09;0.2722316
1994-10;0.34696406
1994-11;0.3531186
1994-12;0.24739546
1995-01;0.41360325
1995-02;0.6401344
1995-03;0.3564086
1995-04;0.42731214
1995-05;0.26464352
1995-06;0.37844238
1995-07;0.44184983
1995-08;0.391613
1995-09;0.27957153
1995-10;0.37940124
1995-11;0.37539726
1995-12;0.1740167
1996-01;0.21639675
1996-02;0.46155688
1996-03;0.2883724
1996-04;0.25163049
1996-05;0.23714963
1996-06;0.21651414
1996-07;0.3253906
1996-08;0.35149437
1996-09;0.20457508
1996-10;0.12766548
1996-11;0.3162583
1996-12;0.32326886
1997-01;0.24903603
1997-02;0.30442297
1997-03;0.39708516
1997-04;0.3775284
1997-05;0.31710884
1997-06;0.49175587
1997-07;0.3461335
1997-08;0.40574697
1997-09;0.4674913
1997-10;0.5718022
1997-11;0.61571497
1997-12;0.52387595
1998-01;0.5629589
1998-02;0.7973742
1998-03;0.5894701
1998-04;0.65089357
1998-05;0.6390668
1998-06;0.6679476
1998-07;0.65909415
1998-08;0.6453173
1998-09;0.43478084
1998-10;0.41109028
1998-11;0.38224158
1998-12;0.48756245
1999-01;0.3872738
1999-02;0.60396034
1999-03;0.26383877
1999-04;0.26947576
1999-05;0.2477816
1999-06;0.32476822
1999-07;0.3104075
1999-08;0.3025803
1999-09;0.27602673
1999-10;0.30699936
1999-11;0.28691775
1999-12;0.3137894
2000-01;0.18133692
2000-02;0.49915195
2000-03;0.44504288
2000-04;0.5384154
2000-05;0.30583385
2000-06;0.3502256
2000-07;0.32576227
2000-08;0.3747202
2000-09;0.3107709
2000-10;0.19478564
2000-11;0.24529691
2000-12;0.20167494
2001-01;0.36417356
2001-02;0.3918914
2001-03;0.5204522
2001-04;0.45251647
2001-05;0.48934218
2001-06;0.44591305
2001-07;0.50912946
2001-08;0.5074936
2001-09;0.49257064
2001-10;0.46419922
2001-11;0.69211686
2001-12;0.54156566
2002-01;0.6473876
2002-02;0.6426373
2002-03;0.79940027
2002-04;0.56820655
2002-05;0.502807
2002-06;0.4493149
2002-07;0.56947935
2002-08;0.4984804
2002-09;0.50192404
2002-10;0.50043756
2002-11;0.4944799
2002-12;0.34704304
2003-01;0.65388364
2003-02;0.48562348
2003-03;0.48364088
2003-04;0.47277164
2003-05;0.52228177
2003-06;0.42513415
2003-07;0.48383972
2003-08;0.6121032
2003-09;0.5746869
2003-10;0.65677655
2003-11;0.4990721
2003-12;0.66022813
2004-01;0.5089659
2004-02;0.634869
2004-03;0.52825564
2004-04;0.52279246
2004-05;0.35092646
2004-06;0.31097007
2004-07;0.23719142
2004-08;0.45830214
2004-09;0.46726716
2004-10;0.52292866
2004-11;0.6510514
2004-12;0.41492838
2005-01;0.6500713
2005-02;0.5338277
2005-03;0.6459099
2005-04;0.63165
2005-05;0.553209
2005-06;0.5688213
2005-07;0.55488116
2005-08;0.58098936
2005-09;0.6340549
2005-10;0.68443674
2005-11;0.6432208
2005-12;0.6012786
2006-01;0.4999044
2006-02;0.6455559
2006-03;0.543684
2006-04;0.48621997
2006-05;0.47178116
2006-06;0.57188183
2006-07;0.4763779
2006-08;0.6333706
2006-09;0.5499711
2006-10;0.6137471
2006-11;0.66086054
2006-12;0.7172778
2007-01;0.8930489
2007-02;0.63967174
2007-03;0.59194857
2007-04;0.7261497
2007-05;0.58012205
2007-06;0.5006901
2007-07;0.5630122
2007-08;0.5837867
2007-09;0.5083473
2007-10;0.5590798
2007-11;0.5355275
2007-12;0.41903135
2008-01;0.21021158
2008-02;0.2693002
2008-03;0.6136748
2008-04;0.44805115
2008-05;0.43248925
2008-06;0.38399753
2008-07;0.5340773
2008-08;0.45276764
2008-09;0.5480162
2008-10;0.5909558
2008-11;0.63220257
2008-12;0.4720541
2009-01;0.59029907
2009-02;0.47127843
2009-03;0.446841
2009-04;0.528052
2009-05;0.5503384
2009-06;0.6234883
2009-07;0.68074554
2009-08;0.6221325
2009-09;0.68177086
2009-10;0.6202136
2009-11;0.7060583
2009-12;0.64016175
2010-01;0.7106075
2010-02;0.7901331
2010-03;0.8602274
2010-04;0.83354694
2010-05;0.71491516
2010-06;0.6450033
2010-07;0.61741793
2010-08;0.6146318
2010-09;0.5642509
2010-10;0.64213544
2010-11;0.73456544
2010-12;0.4370223
2011-01;0.45676905
2011-02;0.42912033
2011-03;0.5563974
2011-04;0.60221547
2011-05;0.44336236
2011-06;0.5482127
2011-07;0.64491206
2011-08;0.6510249
2011-09;0.53794116
2011-10;0.5763366
2011-11;0.5112523
2011-12;0.49482837
2012-01;0.3695542
2012-02;0.4647088
2012-03;0.4209961
2012-04;0.6105002
2012-05;0.6589486
2012-06;0.629351
2012-07;0.56779647
2012-08;0.6449439
2012-09;0.64759123
2012-10;0.7321626
2012-11;0.7210487
2012-12;0.4636831
2013-01;0.6078036
2013-02;0.52651656
2013-03;0.5829417
2013-04;0.57481265
2013-05;0.5568857
2013-06;0.6593197
2013-07;0.58917844
2013-08;0.6352067
2013-09;0.7221902
2013-10;0.6503963
2013-11;0.7700114
2013-12;0.60764134
2014-01;0.6695646
2014-02;0.49080652
2014-03;0.694528
2014-04;0.73631227
2014-05;0.73708785
2014-06;0.61747456
2014-07;0.5809606
2014-08;0.73377496
2014-09;0.756769
2014-10;0.7423641
2014-11;0.63000286
2014-12;0.6848145
2015-01;0.7400082
2015-02;0.78175026
2015-03;0.79528373
2015-04;0.70091575
2015-05;0.7309856
2015-06;0.7596305
2015-07;0.7145488
2015-08;0.7991504
2015-09;0.82609314
2015-10;1.0153373
2015-11;0.9959859
2015-12;1.0416831
2016-01;1.0877537
2016-02;1.2235882
2016-03;1.1820779
2016-04;1.0296463
2016-05;0.8804874
2016-06;0.77708083
2016-07;0.77772677
2016-08;0.94857633
2016-09;0.8455436
2016-10;0.81902903
2016-11;0.8444866
2016-12;0.77912897
2017-01;0.9519715
2017-02;1.0670907
2017-03;1.0645919
2017-04;0.84599763
2017-05;0.7798254
2017-06;0.6575456
2017-07;0.80458516
2017-08;0.81099087
2017-09;0.72930163
2017-10;0.80949205
2017-11;0.8058706
2017-12;0.8148281
2018-01;0.7106047
2018-02;0.7957914
2018-03;0.7900751
2018-04;0.8223178
2018-05;0.71316856
2018-06;0.7375257
2018-07;0.7334142
2018-08;0.73473924
2018-09;0.67586756
2018-10;0.8693208
2018-11;0.7447671
2018-12;0.8242562
2019-01;0.7995958
2019-02;0.8442263
2019-03;1.0757369
2019-04;0.93880504
2019-05;0.7776251
2019-06;0.80911994
2019-07;0.8571952
2019-08;0.85825413
2019-09;0.8026575
2019-10;0.9556284
2019-11;0.9372168
2019-12;1.0368102
2020-01;1.0694563
2020-02;1.1133685
2020-03;1.0943997
2020-04;1.0626723
2020-05;0.90792704
2020-06;0.8251334
2020-07;0.81607646
2020-08;0.80101144
2020-09;0.8670323
2020-10;0.8107299
2020-11;1.0130944
2020-12;0.6926237
2021-01;0.70082587
2021-02;0.56454515
2021-03;0.7262527
2021-04;0.7601092
2021-05;0.7064251
2021-06;0.71322304
2021-07;0.7916223
2021-08;0.79945594
2021-09;0.8674762
2021-10;0.907391
2021-11;0.8536163
2021-12;0.7513281
2022-01;0.7788991
2022-02;0.76354825
2022-03;0.88959247
2022-04;0.7703609
2022-05;0.7613267
2022-06;0.8581897
2022-07;0.77835214
2022-08;0.85325915
2022-09;0.79008293
2022-10;0.9288468
2022-11;0.674607
2022-12;0.76834446
2023-01;0.7755153
