Year;Afghanistan;Albania;Algeria;Andorra;Angola;Anguilla;Antigua_and_Barbuda;Argentina;Armenia;Aruba;Australia;Austria;Azerbaijan;Bahamas;Bahrain;Bangladesh;Barbados;Belarus;Belgium;Belize;Benin;Bermuda;Bhutan;Bonaire_Saint Eustatius_and_Saba;Bosnia_and_Herzegovina;Botswana;Brazil;British_Virgin_Islands;Brunei_Darussalam;Bulgaria;Burkina_Faso;Burundi;Cambodia;Canada;Cape_Verde;Central_African_Republic;Chad;Chile;China;Colombia;Comoros;Congo;Cook_Islands;Costa_Rica;Cote_d'Ivoire;Croatia;Cuba;Curacao;Cyprus;Czech_Republic;North_Korea;Democratic_Republic_of_the_Congo;Denmark;Djibouti;Dominica;Dominican_Republic;Ecuador;Egypt;El_Salvador;Equatorial_Guinea;Eritrea;Estonia;Ethiopia;Faeroe_Islands;Micronesia_Federated_States_of;Fiji;Finland;France;French_Guiana;French_Polynesia;Gabon;Gambia;Georgia;Germany;Ghana;Greece;Greenland;Grenada;Guadeloupe;Guatemala;Guinea;Guinea_Bissau;Guyana;Haiti;Honduras;Hong_Kong;Hungary;Iceland;India;Indonesia;Iraq;Ireland;Iran;Israel;Italy;Jamaica;Japan;Jordan;Kazakhstan;Kenya;Kiribati;Kosovo;Kuwait;Kyrgyzstan;Laos;Latvia;Lebanon;Lesotho;Liberia;Libya;Liechtenstein;Lithuania;Luxembourg;Macao;North_Macedonia;Madagascar;Malawi;Malaysia;Maldives;Mali;Malta;Marshall_Islands;Martinique;Mauritania;Mauritius;Mayotte;Mexico;Mongolia;Montenegro;Montserrat;Morocco;Mozambique;Myanmar;Namibia;Nauru;Nepal;Netherlands;New_Caledonia;New_Zealand;Nicaragua;Niger;Nigeria;Niue;Norway;Occupied_Palestinian_Territory;Oman;Pakistan;Palau;Panama;Papua_New_Guinea;Paraguay;Peru;Philippines;Bolivia;Poland;Portugal;Qatar;Cameroon;South_Korea;Moldova;South_Sudan;Sudan;Reunion;Romania;Russian_Federation;Rwanda;Saint_Helena;Saint_Lucia;Sint_Maarten_Dutch part;Samoa;Sao_Tome_and_Principe;Saudi_Arabia;Senegal;Serbia;Seychelles;Sierra_Leone;Singapore;Slovakia;Slovenia;Solomon_Islands;Somalia;South_Africa;Spain;Sri_Lanka;Saint_Kitts_and_Nevis;Saint_Pierre_and_Miquelon;Saint_Vincent_and_the_Grenadines;Suriname;Swaziland;Sweden;Switzerland;Syria;Taiwan;Tajikistan;Thailand;Timor_Leste;Togo;Tonga;Trinidad_and_Tobago;Tunisia;Turkey;Turkmenistan;Turks_and_Caicos_Islands;Tuvalu;Uganda;Ukraine;United_Arab_Emirates;United_Kingdom;Tanzania;USA;Uruguay;Uzbekistan;Vanuatu;Venezuela;Viet_Nam;Wallis_and_Futuna_Islands;Yemen;Zambia;Zimbabwe;KP_Annex_B;Non_KP_Annex_B;OECD;Non_OECD;EU27;Africa;Asia;Central_America;Europe;Middle_East;North_America;Oceania;South_America;Bunkers;Statistical_Difference;World
1959;0;0;2;;0;;0;13;1;0;23;8;5;0;0;1;0;10;24;0;0;0;;0;1;;11;;0;5;0;0;0;50;0;0;0;3;197;4;0;0;;0;0;1;4;3;0;25;5;1;7;0;0;0;0;3;0;0;;4;0;0;;0;4;72;0;0;0;0;2;206;0;2;0;0;0;0;0;0;0;0;0;1;11;0;28;7;2;3;7;2;26;1;53;0;25;1;;;1;2;0;3;1;;0;0;;4;3;0;1;0;0;1;;0;0;;0;0;0;;16;0;0;;1;0;1;;;0;18;0;3;0;0;1;;3;;;3;;0;0;0;2;2;0;52;2;0;0;3;4;0;0;0;14;231;0;;0;0;0;0;1;0;4;;0;0;8;1;0;0;26;14;1;;0;0;0;0;12;5;1;3;1;1;;0;0;1;0;5;3;;;0;73;0;149;0;773;1;10;;18;2;;1;1;2;1893;466;1590;769;530;40;356;11;1013;19;839;26;54;58;0;2417
1960;0;1;2;;0;;0;13;1;0;24;8;5;0;0;1;0;11;25;0;0;0;;0;1;;13;;0;6;0;0;0;53;0;0;0;4;218;4;0;0;;0;0;2;4;2;0;27;6;1;8;0;0;0;0;4;0;0;;4;0;0;;0;4;81;0;0;0;0;2;222;0;3;0;0;0;0;0;0;0;0;0;1;12;0;30;6;2;3;10;2;30;0;63;0;26;1;;;2;2;0;3;1;;0;0;;4;3;0;1;0;0;1;;0;0;;0;0;0;;17;0;0;;1;1;1;;;0;20;0;3;0;0;1;;4;;;3;;0;0;0;2;2;0;54;2;0;0;3;4;0;0;0;15;241;0;;0;0;0;0;1;0;4;;0;0;9;1;0;0;27;13;1;;0;0;0;0;13;5;1;3;1;1;;0;0;1;0;5;3;;;0;76;0;159;0;791;1;10;;16;2;;1;1;2;1993;505;1677;820;573;43;396;10;1082;25;861;28;54;65;0;2562
1961;0;1;2;;0;;0;14;1;0;25;9;5;0;0;1;0;11;25;0;0;0;;0;2;;13;;0;7;0;0;0;53;0;0;0;4;156;5;0;0;;0;0;2;3;3;0;29;7;1;9;0;0;0;0;5;0;0;;4;0;0;;0;4;86;0;0;0;0;2;228;0;3;0;0;0;0;0;0;0;0;0;1;13;0;33;7;2;3;10;2;34;1;77;0;27;1;0;;3;2;0;3;1;;0;0;;4;3;0;1;0;0;1;;0;0;;0;0;0;;18;0;0;;1;1;1;;;0;21;0;3;0;0;1;;4;;;3;;0;0;0;2;2;0;57;2;0;0;4;4;0;0;0;15;249;0;;0;0;0;0;1;0;4;;0;1;9;1;0;0;28;15;1;;0;0;0;0;13;6;1;3;1;1;;0;0;1;0;5;3;;;0;79;0;161;0;788;1;11;;14;2;;1;1;1;2043;456;1717;781;600;44;355;10;1121;26;859;28;55;72;0;2571
1962;0;1;2;;0;;0;15;1;0;26;9;6;0;0;1;0;12;27;0;0;0;;0;2;;15;0;0;8;0;0;0;56;0;0;0;5;125;5;0;0;;0;0;2;4;3;0;31;8;1;10;0;0;0;0;5;0;0;;4;0;0;;0;5;91;0;0;0;0;2;241;0;3;0;0;0;0;0;0;0;0;0;1;14;0;36;6;2;4;10;2;40;1;80;0;28;1;0;;4;3;0;3;1;;0;0;;4;3;0;1;0;0;1;;0;0;;0;0;0;;17;1;0;0;1;1;1;;;0;23;0;3;0;0;1;;4;;;4;;0;0;0;3;3;0;59;3;0;0;5;5;0;0;0;17;261;0;;0;0;0;0;2;0;4;;0;1;10;1;0;0;29;16;1;;0;0;0;;14;7;1;4;1;1;;0;0;2;0;6;4;;;0;83;0;162;0;817;1;11;0;15;3;;1;1;1;2141;446;1797;790;642;45;337;12;1183;30;891;29;59;74;0;2661
1963;0;1;1;;0;;0;14;1;0;28;10;6;0;0;1;0;13;29;0;0;0;;0;2;;15;0;0;9;0;0;0;58;0;0;0;5;125;6;0;0;;0;0;2;4;3;0;33;9;1;11;0;0;0;0;6;0;0;;5;0;0;;0;5;92;0;0;0;0;2;258;0;3;0;0;0;0;0;0;0;0;0;1;15;0;39;6;3;4;11;2;45;1;89;0;30;1;0;;5;3;0;3;1;;0;0;;5;3;0;1;0;0;2;;0;0;;0;0;0;;18;0;0;0;1;0;1;;;0;25;0;3;0;0;1;;4;;;4;;0;0;0;3;3;0;63;3;2;0;6;5;0;0;0;19;280;0;;0;0;0;0;2;0;5;0;0;1;11;1;0;0;30;16;1;;0;0;0;;15;8;1;4;2;2;;0;0;0;1;6;4;;;0;89;0;165;0;853;1;12;0;15;2;;1;1;1;2261;464;1892;834;686;48;355;11;1257;34;929;31;60;78;0;2803
1964;0;1;2;;0;;0;15;1;0;30;11;6;0;0;1;0;14;28;0;0;0;;0;2;;15;0;0;12;0;0;0;65;0;0;0;5;126;6;0;0;;0;0;2;4;3;0;34;10;1;12;0;0;0;1;7;0;0;;5;0;0;;0;6;101;0;0;0;0;2;264;0;4;0;0;0;0;0;0;0;0;0;1;17;0;38;6;2;4;13;2;48;1;98;0;32;1;0;;7;3;0;3;1;;0;0;;5;3;0;1;0;0;2;;0;0;;0;0;0;;20;1;0;0;1;1;1;;0;0;26;0;4;0;0;2;;4;;0;4;;0;0;0;3;3;0;66;3;2;0;6;5;0;0;0;20;297;0;;0;0;0;0;2;0;6;0;0;1;11;2;0;0;33;18;1;;0;0;0;0;16;8;1;5;2;2;;0;0;1;1;7;4;;;0;94;0;166;0;891;1;13;0;15;3;;1;1;1;2378;492;1985;885;721;53;373;12;1320;40;976;34;63;85;0;2956
1965;0;1;2;;0;;0;16;1;0;33;10;7;0;0;1;0;14;29;0;0;0;;0;2;;15;0;0;13;0;0;0;69;0;0;0;5;137;6;0;0;;0;0;2;4;2;0;33;12;1;12;0;0;0;1;8;0;0;;5;0;0;;0;7;99;0;0;0;0;2;262;0;5;0;0;0;1;0;0;0;0;0;1;17;0;42;7;5;4;15;4;52;1;105;0;34;1;0;;10;3;0;3;1;;0;0;;5;3;0;1;0;0;2;;0;0;;0;0;0;;21;1;0;0;1;1;1;;0;0;27;0;4;0;0;3;;4;;0;5;;0;0;0;3;4;0;67;3;2;0;7;6;0;1;0;21;316;0;;0;0;0;0;1;0;6;0;0;1;11;2;0;0;35;19;1;;0;0;0;0;17;8;1;5;2;2;;0;0;1;1;7;4;;;0;100;0;170;0;928;2;14;0;17;4;;1;1;1;2467;534;2050;951;730;58;404;12;1359;47;1017;37;66;88;0;3089
1966;0;1;2;;0;;0;17;1;0;33;11;7;0;0;1;0;15;29;0;0;0;;0;2;;18;0;0;13;0;0;0;71;0;0;0;5;150;6;0;0;;0;0;2;4;2;0;33;13;1;14;0;0;0;1;7;0;0;;6;0;0;;0;8;104;0;0;0;0;2;260;0;5;0;0;0;0;0;0;0;0;0;1;17;0;44;6;8;4;17;4;58;1;114;0;36;1;0;;10;3;0;4;1;;0;1;;6;3;0;1;0;0;3;;0;0;;0;0;0;;22;1;0;0;1;1;1;;0;0;28;0;4;0;0;4;;5;;0;5;;0;0;0;4;4;0;69;3;2;0;8;6;0;1;0;23;333;0;;0;0;0;0;2;0;6;0;0;0;11;2;0;0;35;21;1;;0;0;0;0;20;9;1;5;2;3;;0;0;1;1;9;5;;;0;106;0;169;0;975;1;15;0;16;5;;1;1;2;2571;573;2132;1012;753;60;437;12;1406;54;1068;37;69;95;0;3239
1967;0;1;2;;0;;0;18;1;0;35;11;8;0;0;1;0;16;29;0;0;0;;0;2;;18;0;0;15;0;0;0;77;0;0;0;5;126;7;0;0;;0;0;2;4;3;0;33;14;1;13;0;0;0;1;5;0;0;;6;0;0;;0;8;110;0;0;0;0;2;256;0;5;0;0;0;1;0;0;0;0;0;2;16;0;44;7;5;4;19;4;64;1;134;0;38;1;0;;7;3;0;4;1;;0;5;;6;3;0;1;0;0;3;;0;0;;0;0;0;;25;1;0;0;1;1;1;;0;0;29;0;4;0;0;4;;5;;0;5;;0;0;0;4;5;1;71;3;2;0;10;6;0;1;0;25;348;0;;0;0;0;0;7;0;6;0;0;1;11;2;0;0;37;24;1;;0;0;0;0;19;9;1;6;2;3;;0;0;1;1;9;5;;;0;110;0;162;0;1011;1;15;0;18;6;;1;1;1;2665;575;2206;1034;769;65;443;14;1437;56;1113;40;73;102;0;3342
1968;0;1;2;;0;;0;19;1;0;37;12;8;0;0;1;0;16;32;0;0;0;;0;2;;21;0;0;16;0;0;0;83;0;0;0;6;135;7;0;0;;0;0;2;4;2;0;35;16;1;15;0;0;1;1;6;0;0;;6;0;0;;0;9;114;0;0;1;0;2;269;0;6;0;0;0;1;0;0;0;0;0;2;17;0;48;8;5;5;22;4;68;1;153;0;39;1;0;;6;3;0;4;1;;0;8;;6;3;0;2;0;0;3;;0;0;;0;0;0;;26;1;0;0;2;1;1;;0;0;31;1;4;0;0;2;;6;;0;6;;1;0;0;4;6;1;75;4;2;0;10;6;0;1;0;27;358;0;0;0;0;0;0;8;0;6;0;0;1;11;2;0;0;38;26;1;;0;0;0;0;21;10;2;7;2;5;;0;0;1;1;10;5;;;0;114;0;166;0;1048;1;16;0;18;6;;3;1;2;2794;622;2322;1094;817;70;487;14;1504;65;1157;41;79;108;0;3524
1969;0;1;3;;1;;0;21;1;0;39;12;8;0;0;1;0;17;34;0;0;0;;0;2;;23;0;0;18;0;0;0;84;0;0;0;6;166;8;0;0;0;0;1;2;5;3;0;37;17;1;16;0;0;1;1;5;0;0;;6;0;0;;0;10;121;0;0;0;0;3;287;0;7;0;0;0;1;0;0;0;0;0;2;17;0;48;9;6;5;23;4;74;1;178;0;41;1;0;;7;4;0;4;1;;0;10;;6;4;0;2;0;0;2;;0;0;;0;0;0;;28;1;0;0;2;1;1;;0;0;32;0;4;0;0;3;;6;;0;6;;1;0;0;4;6;1;80;4;2;0;12;7;0;1;0;30;373;0;;0;0;0;0;10;0;6;0;0;2;12;2;0;0;39;26;1;;0;0;0;0;24;10;2;7;2;4;;0;0;1;1;11;5;;;0;118;6;172;0;1101;2;16;0;19;7;;1;1;2;2956;689;2463;1181;871;76;553;16;1586;73;1213;43;85;113;0;3758
1970;0;1;4;;1;;0;23;1;0;40;14;9;1;1;1;0;18;34;0;0;0;0;0;3;;26;0;2;17;0;0;0;93;0;0;0;7;221;8;0;0;0;0;1;3;5;4;0;42;20;1;17;0;0;1;1;6;0;0;;6;0;0;;0;11;126;0;0;1;0;3;280;1;7;0;0;0;1;0;0;0;0;0;2;19;0;50;10;7;5;25;5;81;1;210;0;43;1;0;;7;4;0;4;1;;0;9;;7;4;0;2;0;0;4;;0;0;;0;0;0;;31;1;0;0;2;1;1;;0;0;39;1;4;0;0;6;0;8;;0;6;;1;0;0;5;7;1;83;4;2;0;15;7;0;1;0;33;392;0;;0;0;0;0;12;0;8;0;0;5;13;2;0;0;41;32;1;;0;0;0;0;25;11;2;8;2;4;;0;0;2;1;12;5;;;0;124;4;178;0;1184;2;17;0;20;8;;1;1;2;3153;794;2642;1305;909;83;660;19;1662;78;1309;45;92;119;0;4066
1971;1;1;5;;1;;0;24;2;0;42;14;9;2;1;1;0;19;33;0;0;0;0;0;3;;28;0;2;18;0;0;0;96;0;0;0;7;248;8;0;0;0;0;1;3;5;3;1;43;29;1;16;0;0;1;1;6;0;0;;7;1;0;;0;11;135;0;0;1;0;3;283;1;8;0;0;0;1;0;0;0;0;0;2;19;0;52;11;8;6;28;4;85;2;217;0;45;1;0;;7;4;0;5;1;;0;6;;7;4;0;2;0;0;5;0;0;0;;0;0;0;;34;1;0;0;2;1;1;;0;0;38;1;4;0;0;9;0;7;;1;5;;1;0;0;5;8;1;85;4;2;0;16;7;0;1;0;34;416;0;;0;0;0;0;16;0;9;0;0;4;14;3;0;0;46;35;1;;0;0;0;0;23;11;2;9;2;5;;0;0;2;1;13;6;;;0;132;6;180;1;1191;2;18;0;17;7;;1;1;2;3231;873;2691;1413;933;91;716;20;1723;91;1322;47;95;126;0;4230
1972;0;2;8;;1;;0;25;2;0;43;15;10;2;1;1;0;20;36;0;0;0;0;0;3;0;31;0;3;18;0;0;0;104;0;0;0;8;264;9;0;0;0;0;1;3;6;3;1;44;24;1;16;0;0;1;1;7;0;0;;7;0;0;;0;12;140;0;0;1;0;3;284;1;9;0;0;0;1;0;0;0;0;0;3;19;0;55;12;8;6;29;5;90;2;233;1;48;1;0;;8;4;0;5;2;;0;4;;7;4;0;2;0;0;5;0;0;0;;0;0;0;;36;1;0;0;2;1;1;;0;0;43;0;4;0;0;11;0;8;;1;5;;1;0;0;5;7;1;90;5;3;0;16;8;0;1;0;36;438;0;;0;0;0;0;19;0;8;0;0;6;14;2;0;0;47;39;1;;0;0;0;0;23;12;2;10;2;6;;0;0;2;1;15;6;;;0;139;6;177;1;1248;2;19;0;17;6;;0;1;2;3374;920;2807;1487;969;96;757;21;1786;98;1388;48;99;134;0;4428
1973;0;1;10;;1;;0;26;2;0;47;16;10;2;2;1;0;21;38;0;0;0;0;0;4;0;36;0;3;19;0;0;0;104;0;0;0;8;275;9;0;0;0;1;1;4;6;3;1;44;27;1;16;0;0;2;1;6;1;0;;8;0;0;;0;13;147;0;0;1;0;3;296;1;10;0;0;0;1;0;0;0;0;0;3;20;0;57;13;8;6;35;5;96;2;250;1;50;1;0;;7;4;0;5;2;;0;4;;8;4;0;3;0;0;5;0;0;0;;0;0;0;;39;1;0;0;3;1;1;;0;0;45;1;5;0;0;14;0;8;;1;5;;1;0;0;5;9;1;92;5;3;0;20;8;0;1;0;40;457;0;;0;0;0;0;26;0;10;0;0;6;14;3;0;0;47;42;1;;0;0;1;0;24;13;2;11;3;7;;0;0;3;1;16;6;;;0;145;8;180;1;1306;2;20;0;18;7;;1;1;3;3529;989;2941;1577;1016;103;799;24;1865;117;1450;53;107;144;0;4662
1974;1;1;9;;1;;0;26;2;0;47;16;10;2;1;1;0;22;37;0;0;0;0;0;4;0;39;0;2;19;0;0;0;106;0;0;0;7;281;10;0;0;0;1;1;4;6;3;1;45;28;1;15;0;0;2;2;7;1;0;;8;0;0;;0;13;142;0;0;1;0;3;290;1;10;0;0;0;1;0;0;0;0;0;3;20;0;59;14;8;6;39;5;98;2;250;1;52;1;0;;5;5;0;5;2;;0;3;;8;4;0;3;0;0;5;0;0;0;;0;0;0;;42;1;0;0;3;1;1;;0;0;44;1;5;1;0;17;0;8;;1;6;;1;0;0;6;8;1;94;6;3;0;21;8;0;1;0;41;474;0;;0;0;0;0;27;1;10;0;0;6;14;3;0;0;48;47;1;;0;0;0;0;22;11;3;11;3;7;;0;0;3;1;17;7;;;0;150;9;168;1;1261;2;21;0;20;5;;1;1;2;3491;1018;2881;1628;1011;106;811;24;1870;121;1410;53;114;133;0;4643
1975;1;1;9;;1;;0;26;2;0;48;15;11;2;2;1;0;23;33;0;0;0;0;0;4;0;41;0;2;20;0;0;0;108;0;0;0;6;323;10;0;0;0;1;1;4;7;2;1;47;29;1;15;0;0;2;2;8;1;0;;8;0;0;;0;13;132;0;0;1;0;3;274;1;11;0;0;0;1;0;0;0;0;0;3;21;0;64;15;9;6;38;5;93;2;237;1;54;1;0;;5;5;0;5;2;;0;3;;9;3;0;3;0;0;5;0;0;0;;0;0;0;;45;1;0;0;3;1;1;;0;0;42;1;5;1;0;13;0;8;;2;6;;1;0;0;6;9;1;102;6;3;0;22;9;0;1;0;44;498;0;;0;0;0;0;23;1;10;0;0;7;15;3;0;0;50;49;1;;0;0;1;0;22;11;3;12;3;7;;0;0;3;2;18;7;;;0;158;8;165;1;1222;2;22;0;17;6;;1;1;2;3451;1080;2809;1722;991;106;859;24;1881;119;1375;54;112;122;0;4653
1976;1;1;11;;1;;0;27;2;0;48;16;11;2;2;2;0;24;35;0;0;0;0;0;4;0;42;0;2;20;0;0;0;109;0;0;0;7;335;10;0;0;0;1;1;4;7;5;1;48;30;1;16;0;0;2;2;9;1;0;;9;0;0;;0;14;143;0;0;2;0;3;298;1;12;0;0;0;1;0;0;0;0;0;3;22;0;67;17;13;6;43;5;100;2;248;1;56;1;0;;5;5;0;6;2;;0;5;;9;3;0;3;0;0;7;0;0;0;;0;0;0;;50;1;0;0;3;1;1;;0;0;46;1;5;1;0;15;0;9;;2;6;;1;0;0;6;10;1;109;6;3;0;25;9;0;1;0;48;517;0;;0;1;0;0;28;0;11;0;0;8;15;3;0;0;53;54;1;;0;0;1;0;24;11;4;15;3;8;;0;0;4;2;20;7;;;0;164;11;163;1;1296;2;23;0;16;4;;1;1;3;3635;1154;2976;1813;1066;115;901;29;1983;139;1455;54;115;120;0;4909
1977;1;2;11;;1;;0;27;2;0;51;15;12;3;2;2;0;24;34;0;0;0;0;0;4;0;44;0;2;21;0;0;0;111;0;0;0;6;366;11;0;0;0;1;1;4;8;3;1;50;31;1;17;0;0;2;2;10;1;0;;9;0;0;;0;14;138;0;0;2;0;4;287;1;13;0;0;0;1;0;0;1;0;1;4;23;1;71;22;12;6;45;5;97;2;255;1;58;1;0;;5;5;0;6;1;;0;6;;9;3;0;3;0;0;6;0;0;0;;0;0;0;;53;1;0;0;3;1;1;;0;0;45;1;6;1;0;14;0;9;;2;7;;1;0;0;6;10;1;114;6;3;0;29;10;0;1;0;49;535;0;;0;0;0;0;32;1;10;0;0;8;16;3;0;0;55;53;1;;0;0;1;0;23;11;4;17;3;9;;0;0;4;2;22;7;;;0;169;11;165;1;1334;2;24;0;17;4;;1;1;3;3702;1224;3025;1901;1055;118;960;28;1998;146;1499;58;119;123;0;5048
1978;1;2;17;;1;;0;28;2;0;55;16;12;2;2;2;0;25;37;0;0;0;0;0;4;0;48;0;3;22;0;0;0;113;0;0;0;6;407;11;0;0;0;1;1;4;8;2;1;50;30;1;17;0;0;1;3;11;1;0;;9;0;0;;0;14;144;0;0;2;0;4;295;1;13;0;0;0;1;0;0;1;0;1;4;24;1;72;26;12;6;44;6;101;2;246;1;60;1;0;;6;5;0;6;1;;0;6;;9;3;0;3;0;0;6;0;0;0;;0;0;0;;61;2;0;0;4;1;1;;0;0;46;0;5;1;0;13;0;9;;2;7;;1;0;0;6;10;1;118;6;3;1;31;10;0;1;0;53;553;0;;0;0;0;0;31;1;11;0;0;9;16;3;0;0;55;54;1;;0;0;1;0;22;12;4;19;3;10;;0;0;4;2;21;8;;;0;175;12;165;1;1349;2;24;0;19;4;;1;1;3;3773;1307;3074;2006;1091;126;1009;27;2062;146;1523;61;126;124;0;5205
1979;1;2;12;;1;;0;30;2;0;56;17;12;2;2;2;0;25;38;0;0;0;0;0;4;0;51;0;2;22;0;0;0;121;0;0;0;7;416;12;0;0;0;1;1;5;9;2;1;49;30;1;17;0;0;2;3;12;1;0;;9;1;0;;0;15;145;0;0;2;0;4;305;1;14;0;0;0;1;0;0;0;0;1;4;23;1;75;26;14;7;44;6;105;2;260;1;60;1;0;;5;5;0;6;2;;1;7;;10;3;0;3;0;0;7;0;0;0;;0;0;0;;66;2;0;0;4;1;1;;0;0;51;0;5;0;0;19;0;9;;2;8;;1;0;0;6;10;1;120;7;4;0;36;10;0;1;0;53;558;0;;0;0;0;0;38;1;12;0;0;10;16;4;0;0;60;55;1;;0;0;1;0;23;11;6;21;3;10;;0;0;5;2;20;8;;;0;177;10;176;1;1367;2;25;0;21;4;;1;1;3;3859;1368;3164;2063;1121;136;1048;28;2111;155;1553;61;135;125;0;5352
1980;0;1;18;;1;;0;30;2;0;60;14;13;2;2;2;0;26;37;0;0;0;0;0;4;0;51;0;2;21;0;0;0;121;0;0;0;7;408;12;0;0;0;1;2;4;9;2;1;50;31;1;16;0;0;2;4;12;1;0;;10;0;0;;0;16;139;0;0;2;0;4;300;1;14;0;0;0;1;0;0;0;0;1;5;24;1;80;26;12;7;33;6;105;2;258;1;63;2;0;;7;6;0;6;2;;1;7;;10;3;0;3;0;0;8;0;0;0;;0;0;0;;73;2;0;0;4;1;2;;0;0;48;1;5;1;0;19;0;9;;2;9;;1;0;0;7;10;1;126;7;4;1;37;10;0;1;0;54;580;0;;0;0;0;0;46;1;12;0;0;8;16;4;0;0;62;58;1;;0;0;1;0;20;11;6;23;3;11;;0;0;5;3;21;8;;;0;184;10;158;1;1312;2;26;0;25;5;;1;1;3;3808;1391;3092;2107;1111;146;1050;28;2112;151;1506;66;139;122;0;5321
1981;1;2;13;;1;;0;28;2;0;63;15;12;1;2;2;0;26;34;0;0;0;0;0;5;0;47;0;1;22;0;0;0;117;0;0;0;7;403;12;0;0;0;1;1;5;9;2;1;49;31;1;14;0;0;2;5;14;0;0;;9;1;0;;0;14;125;0;0;2;0;4;286;1;14;0;0;0;1;0;0;0;0;0;5;24;0;86;27;9;7;31;6;102;2;253;2;61;2;0;;7;5;0;6;2;;1;8;;10;3;0;4;0;0;8;0;0;0;;0;0;0;;77;2;0;0;4;1;2;;0;0;45;0;5;1;0;18;0;9;;2;9;;1;1;0;7;9;1;112;7;4;1;38;10;0;1;0;54;569;0;0;0;0;0;0;48;1;13;0;0;7;16;4;0;0;70;56;1;0;0;0;1;0;19;11;7;20;3;10;;0;0;5;3;22;8;;;0;180;10;153;1;1279;1;25;0;25;5;;1;1;3;3690;1391;2994;2087;1053;150;1044;26;2035;151;1474;68;134;112;0;5194
1982;1;2;11;;1;;0;28;2;0;64;15;13;1;3;2;0;26;32;0;0;0;0;0;4;0;47;0;1;25;0;0;0;113;0;0;0;6;438;12;0;0;0;1;2;4;9;2;1;49;32;1;15;0;0;2;5;15;0;0;;10;0;0;;0;12;120;0;0;2;0;4;277;1;14;0;0;0;1;0;0;0;0;0;5;24;0;89;29;8;7;38;7;100;2;245;2;63;1;0;;6;6;0;6;2;;0;8;;10;2;0;3;0;0;8;0;0;0;;0;0;0;;83;2;0;0;5;1;2;;0;0;36;0;5;1;0;18;0;8;;2;10;;1;1;0;6;10;1;115;8;3;2;39;10;0;1;0;53;580;0;0;0;0;0;0;43;1;12;0;0;8;15;4;0;0;77;57;1;0;0;0;1;0;17;10;7;21;3;10;;0;0;5;3;24;8;;;0;184;10;150;1;1214;1;26;0;25;5;;2;1;2;3599;1452;2894;2156;1028;156;1081;27;2019;154;1410;70;134;102;0;5152
1983;1;2;14;;1;;0;29;2;0;61;14;13;1;2;2;0;27;28;0;0;0;0;0;5;0;45;0;1;25;0;0;0;111;0;0;0;6;462;13;0;0;0;1;1;5;8;1;1;49;34;1;14;0;0;2;5;16;1;0;;10;1;0;;0;11;115;0;0;2;0;4;276;1;15;0;0;0;1;0;0;0;0;1;6;24;0;96;29;10;7;41;6;98;2;240;2;63;1;0;;6;6;0;6;2;;0;8;;10;2;0;3;0;0;10;0;0;0;;0;0;0;;76;2;0;0;5;1;2;;0;0;37;0;5;1;0;16;0;9;;2;11;;1;1;0;6;10;1;115;8;3;2;41;10;0;1;0;55;588;0;0;0;0;0;0;44;1;13;0;0;9;15;4;0;0;80;56;1;0;0;0;0;0;16;11;8;23;3;11;;0;0;4;3;25;8;;;0;186;10;149;1;1209;1;26;0;25;5;;2;1;3;3585;1503;2863;2224;1016;163;1123;24;2020;162;1396;67;133;98;0;5186
1984;1;2;19;;1;;0;29;2;0;65;15;13;1;3;2;0;27;29;0;0;0;0;0;5;0;46;0;1;24;0;0;0;116;0;0;0;6;504;13;0;0;0;1;1;5;9;3;1;50;37;1;14;0;0;2;6;17;0;0;;10;0;0;;0;12;112;0;0;2;0;4;282;1;15;0;0;0;1;0;0;0;0;1;6;25;0;99;31;11;7;41;6;100;1;256;2;64;1;0;;8;6;0;7;2;;0;8;;10;2;0;4;0;0;9;0;0;0;;0;0;0;;76;2;0;0;5;0;2;;0;0;39;0;5;1;0;19;0;9;;2;12;;1;1;0;6;8;1;118;8;3;2;44;11;0;1;0;52;593;0;0;0;0;0;0;42;1;14;0;0;9;16;4;0;0;86;54;1;0;0;0;0;0;16;11;9;23;3;12;;0;0;5;3;26;8;;;0;188;13;144;1;1272;1;26;0;25;5;;2;1;3;3684;1583;2964;2304;1025;177;1190;27;2034;170;1464;71;134;98;0;5365
1985;1;2;20;;1;;0;27;2;0;66;15;14;0;3;3;0;29;28;0;0;0;0;0;5;0;49;0;1;24;0;0;0;115;0;0;0;6;545;13;0;0;0;1;2;5;9;4;1;50;39;1;16;0;0;2;5;17;1;0;;11;0;0;;0;14;111;0;0;2;0;4;285;1;16;0;0;0;1;0;0;0;0;1;6;23;0;109;33;12;7;44;7;101;1;249;2;69;1;0;;8;6;0;7;2;;0;8;;11;3;0;4;0;0;10;0;0;0;;0;0;0;;78;2;1;0;5;0;2;;0;0;40;0;6;1;0;19;0;9;;2;13;;1;1;0;5;8;1;121;7;3;2;46;11;0;1;0;53;640;0;0;0;0;0;0;47;1;14;0;0;9;16;4;0;0;88;55;1;0;0;0;0;0;17;11;8;23;4;13;;0;0;6;3;29;9;;;0;203;14;153;1;1270;1;28;0;28;6;;2;1;3;3761;1685;2984;2462;1041;182;1257;28;2123;183;1463;73;137;100;0;5546
1986;1;2;21;;1;;0;28;2;0;65;15;15;0;3;3;0;33;28;0;0;0;0;0;5;0;54;0;1;25;0;0;0;110;0;0;0;6;574;13;0;0;0;1;2;5;9;1;1;50;43;1;16;0;0;2;4;20;1;0;;11;1;0;;0;15;106;0;0;1;0;4;286;1;16;0;0;0;1;0;0;0;0;0;7;23;0;116;33;13;8;40;7;99;1;249;3;70;1;0;;10;6;0;6;2;;0;9;;10;2;0;4;0;0;11;0;0;0;;0;0;0;;80;3;1;0;5;0;2;;0;0;39;0;6;1;0;20;0;10;;3;13;;1;1;0;6;8;1;123;8;4;1;48;11;0;1;0;55;640;0;0;0;0;0;0;56;1;15;0;0;9;16;4;0;0;90;52;1;0;0;0;0;0;17;12;8;26;3;13;;0;0;5;3;32;10;;;0;202;13;155;1;1273;1;27;0;30;6;;2;1;4;3757;1764;2987;2533;1037;189;1307;24;2126;195;1463;73;145;107;0;5628
1987;1;2;23;;2;;0;31;2;0;70;16;14;0;3;3;0;30;28;0;0;0;0;0;5;0;56;0;1;25;0;0;0;118;0;0;0;6;616;14;0;0;0;1;2;5;9;1;1;49;48;1;16;0;0;3;4;20;1;0;;10;1;0;;0;16;106;0;0;1;0;4;282;1;17;0;0;0;1;0;0;0;0;1;8;23;1;124;34;14;8;43;7;104;1;246;3;70;1;0;;9;6;0;5;2;;0;9;;10;2;0;4;0;0;11;0;0;1;;0;1;0;;84;3;1;0;5;0;1;;0;0;41;0;7;1;0;16;0;9;;3;14;;1;1;1;7;9;1;127;9;3;1;51;11;0;1;0;58;643;0;0;0;0;0;0;52;1;15;0;0;9;16;4;0;0;90;52;1;0;0;0;0;0;16;11;10;27;3;15;;0;0;5;3;35;10;;;0;200;13;156;1;1317;1;27;0;30;6;;2;1;4;3821;1840;3058;2603;1046;189;1367;26;2133;199;1518;77;152;144;0;5805
1988;1;2;23;;1;;0;33;3;0;71;14;14;0;3;4;0;31;27;0;0;0;0;0;5;0;57;0;2;24;0;0;0;124;0;0;0;7;662;14;0;0;0;1;2;5;10;1;1;49;55;1;15;0;0;3;5;20;1;0;;10;1;0;;0;14;105;0;0;1;0;4;281;1;18;0;0;0;1;0;0;0;0;1;8;21;1;134;36;18;8;48;8;105;1;269;3;75;1;0;;9;6;0;5;2;;0;10;;10;2;0;4;0;0;12;0;0;1;;0;1;0;;83;3;1;0;6;0;1;;0;0;40;0;7;1;0;19;0;10;;3;16;;1;1;1;7;10;1;121;9;3;1;58;11;0;1;0;58;663;0;0;0;0;0;0;55;1;15;0;0;10;15;4;0;0;94;54;1;0;0;0;1;0;16;11;10;31;4;18;;0;0;4;3;34;10;;;0;198;13;156;1;1378;1;30;0;32;6;;3;1;4;3921;1963;3148;2736;1034;198;1482;26;2142;212;1586;79;158;149;0;6033
1989;1;2;22;;1;;0;32;3;0;76;15;14;1;3;4;0;30;29;0;0;0;0;0;5;0;58;0;2;24;0;0;0;126;0;0;0;9;672;14;0;0;0;1;2;5;10;1;1;46;58;1;13;0;0;3;6;20;1;0;;11;1;0;;0;14;109;0;0;2;0;4;275;1;20;0;0;0;1;0;0;0;0;1;8;21;1;148;36;20;8;52;9;110;2;279;2;72;1;0;;10;6;0;5;2;;0;10;;10;3;0;4;0;0;14;0;0;1;;0;1;0;;88;3;1;0;6;0;1;;0;0;44;0;7;0;0;11;0;9;;3;16;;1;1;1;6;11;1;115;11;4;2;61;11;0;1;0;58;655;0;0;0;0;0;0;56;1;15;0;0;11;15;4;0;0;93;61;1;0;0;0;1;0;15;11;9;34;3;21;;0;0;4;4;38;10;;;0;186;15;159;1;1401;1;30;0;30;5;;3;1;4;3952;2010;3213;2749;1045;191;1529;27;2133;224;1615;84;158;154;0;6116
1990;1;1;21;0;1;0;0;31;2;0;76;17;14;1;3;4;0;28;33;0;0;0;0;0;5;1;60;0;2;21;0;0;0;125;0;0;0;9;678;16;0;0;0;1;1;6;8;1;1;45;32;1;15;0;0;2;4;21;1;0;;10;1;0;;0;16;107;0;0;1;0;4;287;1;23;0;0;0;1;0;0;0;0;1;7;20;1;158;41;13;9;57;10;120;2;316;3;77;2;0;;10;5;0;5;2;0;0;10;0;10;3;0;4;0;0;15;0;0;1;;0;0;0;0;87;3;1;0;6;0;1;;0;0;44;0;7;1;0;11;0;10;0;3;19;;1;1;1;6;11;2;103;12;3;1;68;10;0;1;0;47;689;0;0;0;0;0;0;57;1;15;0;0;12;17;4;0;0;85;63;1;0;0;0;0;0;16;12;10;34;3;24;;0;0;5;4;41;9;0;0;0;193;14;164;1;1396;1;28;0;33;6;;3;1;4;4040;2015;3284;2771;1054;180;1577;26;2188;231;1607;84;163;151;0;6207
1991;1;1;22;0;1;0;0;32;2;0;77;18;14;1;3;4;0;26;34;0;0;0;0;0;4;1;63;0;1;17;0;0;0;123;0;0;0;8;711;15;0;0;0;1;1;5;7;1;1;41;31;1;18;0;0;3;4;21;1;0;;9;1;0;;0;15;114;0;0;1;0;4;277;1;23;0;0;0;1;0;0;0;0;1;8;19;1;168;49;12;9;62;10;120;2;319;3;74;1;0;;4;4;0;5;2;0;0;12;0;10;3;0;3;0;0;18;0;0;1;;0;0;0;0;90;3;0;0;6;0;1;0;0;0;46;0;7;1;0;11;0;9;0;3;18;;1;1;1;6;12;2;102;13;5;1;75;8;0;1;0;38;654;0;0;0;0;0;0;79;1;11;0;0;12;15;4;0;0;89;66;1;0;0;0;1;0;16;13;12;36;3;26;;0;0;5;4;43;9;0;0;0;173;15;166;1;1380;1;28;0;31;6;;2;1;4;3957;2234;3282;2909;1037;188;1642;26;2105;256;1593;85;165;150;130;6340
1992;0;1;22;0;1;0;0;33;2;0;78;16;15;1;3;4;0;24;33;0;0;0;0;0;4;1;64;0;1;16;0;0;0;127;0;0;0;9;745;17;0;0;0;1;1;4;6;1;2;39;27;1;16;0;0;3;6;22;1;0;;7;1;0;0;0;15;111;0;0;1;0;4;264;1;23;0;0;0;2;0;0;0;0;1;9;17;1;179;56;16;9;62;11;120;2;322;3;67;1;0;;8;3;0;4;3;0;0;10;0;6;3;0;3;0;0;20;0;0;1;0;0;0;0;0;91;3;0;0;7;0;1;0;0;0;46;0;8;1;0;13;0;9;0;3;20;0;1;1;1;6;13;2;100;14;7;1;82;6;0;1;0;36;534;0;0;0;0;0;0;86;1;12;0;0;13;13;4;0;0;82;68;1;0;0;0;1;0;16;13;12;39;2;29;;0;0;5;4;45;9;0;0;0;161;16;162;1;1410;1;30;0;29;6;;3;1;5;3824;2181;3301;2704;1002;182;1705;25;1932;278;1628;87;168;152;0;6158
1993;0;1;22;0;2;0;0;32;1;0;80;17;13;0;4;4;0;21;33;0;0;0;0;0;3;1;67;0;1;16;0;0;0;127;0;0;0;9;797;17;0;0;0;1;1;5;5;1;2;38;24;1;17;0;0;3;7;25;1;0;;5;1;0;0;0;15;106;0;0;1;0;3;261;1;23;0;0;0;2;0;0;0;0;1;9;17;1;185;60;17;9;64;12;118;2;320;3;60;2;0;;13;2;0;3;3;0;0;11;0;4;3;0;3;0;0;24;0;0;1;0;1;0;0;0;92;3;0;0;7;0;1;0;0;0;46;0;8;1;0;12;0;10;0;4;21;0;1;1;1;7;13;2;100;14;8;1;90;4;0;1;0;33;508;0;0;0;0;0;0;93;1;10;0;0;14;13;4;0;0;87;66;1;0;0;0;1;0;16;12;12;42;1;33;;0;0;5;4;47;8;0;0;0;139;18;158;1;1438;1;32;0;34;6;;2;1;4;3780;2289;3322;2747;984;193;1772;26;1854;302;1657;88;178;153;0;6221
1994;0;1;24;0;1;0;0;33;1;0;82;17;11;0;4;5;0;17;34;0;0;0;0;0;1;1;69;0;1;15;0;0;0;131;0;0;0;10;846;18;0;0;0;1;1;4;6;1;2;36;22;0;18;0;0;3;4;23;1;0;0;5;1;0;0;0;17;104;0;0;1;0;2;256;1;24;0;0;0;2;0;0;0;0;1;8;17;1;196;61;19;10;72;13;116;2;335;4;51;2;0;;15;2;0;3;3;0;0;12;0;4;3;0;3;0;0;25;0;0;1;0;1;0;0;0;96;2;0;0;8;0;2;0;0;0;47;1;8;1;0;10;0;10;0;4;23;0;1;1;1;6;15;2;98;14;8;1;97;3;0;1;1;33;448;0;0;0;0;0;0;90;1;10;0;0;16;12;4;0;0;92;69;1;0;0;0;1;0;16;12;13;44;1;36;;0;0;5;4;46;9;0;0;0;114;20;157;1;1463;1;29;0;35;7;;2;1;5;3736;2369;3376;2729;979;196;1851;27;1756;313;1689;91;182;160;0;6265
1995;0;1;26;0;3;0;0;35;1;0;84;17;9;1;4;6;0;16;34;0;0;0;0;0;1;1;73;0;1;16;0;0;0;134;0;0;0;11;916;16;0;0;0;1;2;5;6;1;2;36;21;1;17;0;0;4;6;26;1;0;0;5;1;0;0;0;16;105;0;0;1;0;1;256;1;24;0;0;0;2;0;0;0;0;1;9;17;1;208;62;20;10;74;14;123;3;338;4;49;2;0;;15;1;0;2;3;0;0;12;0;4;2;0;3;0;0;31;0;0;1;0;1;0;0;0;91;2;0;0;8;0;2;0;0;1;47;1;8;1;0;9;0;11;0;4;23;0;1;1;1;7;16;3;99;15;9;1;105;3;0;1;1;34;440;0;0;0;0;0;0;72;1;10;0;0;11;12;4;0;0;99;73;2;0;0;0;1;0;16;12;11;46;1;42;;0;0;4;4;49;9;0;0;0;106;19;155;1;1480;1;28;0;36;8;;3;1;4;3758;2472;3420;2810;992;211;1950;29;1751;301;1704;93;191;169;0;6399
1996;0;1;26;0;3;0;0;37;1;0;86;18;9;0;4;6;0;16;35;0;0;0;0;0;1;1;79;0;1;16;0;0;0;138;0;0;0;13;956;16;0;0;0;1;2;5;6;1;2;37;18;1;20;0;0;4;7;26;1;0;0;5;1;0;0;0;17;110;0;0;1;0;1;262;1;24;0;0;0;2;0;0;0;0;1;8;17;1;225;70;19;10;75;14;121;3;342;4;45;2;0;;14;2;0;3;3;0;0;12;0;4;3;0;3;0;0;31;0;0;1;0;1;0;1;0;94;2;0;0;8;0;2;0;0;1;50;1;8;1;0;10;0;11;0;4;26;0;1;1;1;7;17;3;103;14;9;1;115;3;0;1;1;35;431;0;0;0;0;0;0;70;1;12;0;0;13;12;4;0;0;99;70;2;0;0;0;1;0;17;12;12;48;1;47;;0;0;6;5;54;8;0;0;0;96;20;161;1;1531;1;29;0;33;9;;3;1;4;3830;2577;3532;2875;1015;214;2035;31;1764;305;1764;96;198;183;0;6590
1997;0;0;24;0;2;0;0;38;1;0;89;18;8;0;5;6;0;16;34;0;0;0;0;0;2;1;84;0;1;15;0;0;0;142;0;0;0;15;958;18;0;1;0;1;2;5;7;1;2;36;17;1;18;0;0;5;5;29;1;0;0;5;1;0;0;0;17;108;0;0;1;0;1;254;2;26;0;0;1;2;0;0;0;0;1;8;17;1;235;77;19;11;73;15;123;3;340;4;42;2;0;;15;2;0;2;4;0;0;12;0;4;2;0;3;0;0;33;0;0;1;0;1;0;1;0;101;2;0;0;8;0;2;0;0;1;48;0;9;1;0;11;0;11;0;4;26;0;1;1;1;7;19;3;100;15;10;1;122;2;0;1;1;32;403;0;0;0;0;0;0;59;1;13;0;0;15;12;5;0;0;105;73;2;0;0;0;1;0;16;12;12;52;1;49;;0;0;6;5;58;8;0;0;0;93;20;153;1;1552;2;29;0;36;12;;3;1;4;3800;2638;3556;2883;997;222;2072;32;1708;301;1795;99;210;193;0;6631
1998;0;0;29;0;2;0;0;38;1;0;92;18;9;1;5;6;0;16;36;0;0;0;0;0;3;1;87;0;1;15;0;0;1;144;0;0;0;15;917;18;0;0;0;1;2;5;7;0;2;34;16;0;17;0;0;5;6;33;2;0;0;5;1;0;0;0;16;113;0;0;1;0;1;252;2;27;0;0;1;2;0;0;0;0;1;11;17;1;240;59;20;11;83;15;126;3;329;4;41;3;0;;14;2;0;2;4;0;0;13;0;4;2;0;3;0;0;31;0;0;1;0;0;0;1;0;106;2;0;0;8;0;2;0;0;1;48;0;8;1;0;10;0;11;0;4;26;0;2;1;1;8;19;3;93;16;9;1;103;2;0;1;1;28;398;0;0;0;0;0;0;57;1;14;0;0;13;12;4;0;0;103;75;2;0;0;0;1;0;16;12;14;55;1;43;;0;0;5;5;58;9;0;0;0;90;22;155;1;1564;2;32;0;46;13;;3;1;4;3797;2604;3553;2848;995;229;1987;32;1701;313;1815;102;224;204;0;6605
1999;0;1;25;0;2;0;0;40;1;0;95;18;8;1;5;7;0;15;34;0;0;0;0;0;3;1;89;0;1;13;0;0;1;148;0;0;0;17;914;15;0;0;0;1;2;5;7;0;2;32;18;0;16;0;0;5;6;34;2;0;0;4;1;0;0;0;16;112;0;0;1;0;1;245;2;27;0;0;1;2;0;0;1;0;1;12;17;1;260;67;20;12;104;15;127;3;339;4;34;3;0;;15;1;0;2;4;0;0;12;0;4;2;0;3;0;0;30;0;0;1;0;1;0;1;0;107;2;0;0;9;0;2;0;0;1;46;1;9;1;0;11;0;12;0;6;27;0;2;1;1;8;19;3;90;18;8;1;112;1;0;1;1;24;406;0;0;0;0;0;0;62;1;10;0;0;13;12;4;0;0;102;82;2;0;0;0;1;0;15;12;14;57;1;45;;1;0;6;5;57;10;0;0;0;81;21;153;1;1584;2;33;0;47;13;;4;0;4;3817;2663;3589;2891;980;227;2031;33;1678;338;1839;104;229;211;0;6691
2000;0;1;22;0;3;0;0;39;1;1;96;18;8;1;5;7;0;15;35;0;0;0;0;0;4;1;93;0;1;12;0;0;1;155;0;0;0;16;939;15;0;0;0;1;2;5;7;1;2;35;19;0;15;0;0;5;6;38;2;0;0;4;1;0;0;0;16;111;0;0;1;0;1;246;2;28;0;0;1;3;0;0;0;0;1;11;16;1;267;75;20;12;101;16;128;3;345;4;41;3;0;;15;1;0;2;4;1;0;13;0;3;2;0;3;1;0;34;0;0;1;0;1;0;1;0;108;2;0;0;9;0;3;0;0;1;47;1;9;1;0;22;0;12;0;6;29;0;2;1;1;8;20;2;87;18;9;1;120;1;0;1;1;25;402;0;0;0;0;0;0;81;1;12;0;0;13;11;4;0;0;103;85;3;0;0;0;1;0;15;12;14;62;1;46;;0;0;7;5;63;10;0;0;0;78;31;155;1;1640;1;33;0;41;14;;4;0;4;3884;2788;3679;2993;983;242;2110;37;1678;372;1903;106;224;214;0;6886
2001;0;1;23;0;3;0;0;37;1;1;98;19;8;1;4;8;0;15;34;0;0;0;0;0;4;1;94;0;1;13;0;0;1;153;0;0;0;14;959;15;0;0;0;2;2;6;7;1;2;35;20;0;15;0;0;5;6;34;2;1;0;4;1;0;0;0;17;112;0;0;1;0;1;250;2;29;0;0;1;3;0;0;0;0;2;10;16;1;271;83;23;13;108;17;128;3;341;4;39;3;0;;16;1;0;2;4;1;0;13;0;3;3;0;3;0;0;37;0;0;1;0;1;0;1;0;112;2;0;0;10;0;2;1;0;1;48;1;9;1;0;24;0;12;0;5;29;0;2;1;1;7;19;2;86;18;11;1;125;1;0;2;1;27;411;0;0;0;0;0;0;81;1;13;0;0;13;12;4;0;0;101;86;3;0;0;0;1;0;15;12;13;63;1;49;;0;0;7;6;58;10;0;0;0;83;27;157;1;1612;1;33;0;47;16;0;4;1;3;3886;2847;3666;3066;998;241;2150;38;1713;378;1876;109;227;212;0;6945
2002;0;1;24;0;3;0;0;34;1;1;100;20;8;1;4;9;0;15;35;0;1;0;0;0;4;1;95;0;1;13;0;0;1;154;0;0;0;15;1057;15;0;0;0;2;2;6;7;1;2;34;19;0;15;0;0;6;7;34;2;2;0;4;1;0;0;0;18;111;0;0;1;0;1;246;2;29;0;0;1;3;0;0;0;0;2;11;16;1;279;85;24;13;109;16;130;3;349;4;44;2;0;;16;1;0;2;4;1;0;13;0;3;3;0;3;0;0;37;0;0;1;0;1;0;1;0;112;2;0;0;10;0;2;0;0;1;48;1;9;1;0;26;0;12;0;7;31;0;2;1;1;7;19;2;84;19;11;1;130;1;0;2;1;27;408;0;0;0;0;0;0;89;1;14;0;0;13;11;5;0;0;97;91;3;0;0;0;0;0;15;12;10;65;1;52;0;0;0;8;6;60;11;0;0;0;81;23;153;1;1623;1;35;0;53;19;0;4;1;3;3898;2990;3692;3196;999;244;2288;39;1703;382;1890;111;231;217;0;7106
2003;0;1;25;0;2;0;0;37;1;1;102;21;8;1;5;9;0;15;35;0;1;0;0;0;4;1;94;0;1;14;0;0;1;159;0;0;0;15;1240;16;0;0;0;2;1;6;7;1;2;35;19;0;17;0;0;6;7;40;2;2;0;5;1;0;0;0;20;112;0;0;1;0;1;246;2;30;0;0;1;3;0;0;1;0;2;12;17;1;289;93;25;12;113;17;135;3;351;5;49;2;0;;16;1;0;2;5;1;0;14;0;3;3;0;3;0;0;43;0;0;1;0;1;0;1;0;119;2;1;0;10;1;3;1;0;1;49;1;10;1;0;27;0;12;0;9;32;0;2;1;1;7;19;3;87;18;11;1;133;1;0;2;1;28;416;0;0;0;0;0;0;89;1;15;0;0;13;12;4;0;0;110;92;3;0;0;0;0;0;16;12;15;68;1;55;0;0;0;9;6;65;12;0;0;0;84;29;156;1;1641;1;34;0;52;21;0;5;1;3;3963;3278;3758;3484;1022;264;2518;41;1743;407;1919;113;234;227;0;7468
2004;0;1;24;0;5;0;0;43;1;1;106;21;9;1;5;10;0;16;35;0;1;0;0;0;4;1;99;0;1;14;0;0;1;159;0;0;0;16;1426;15;0;0;0;2;2;6;7;1;2;35;20;0;15;0;0;5;8;41;2;3;0;5;1;0;0;0;19;113;0;0;1;0;1;242;2;30;0;0;1;3;0;0;1;0;2;11;16;1;307;94;31;13;121;16;137;3;350;5;51;2;0;;17;2;0;2;5;1;0;14;0;4;3;0;3;0;0;47;0;0;1;0;1;0;1;0;120;2;1;0;12;1;3;1;0;1;49;1;10;1;0;27;0;12;1;8;35;0;2;1;1;9;20;3;89;18;12;1;134;1;0;3;1;28;418;0;0;0;0;0;0;108;1;16;0;0;13;12;5;0;0;123;97;3;0;0;0;0;0;15;12;14;70;1;59;0;0;0;9;6;67;13;0;0;0;85;31;156;1;1669;2;34;0;41;24;0;5;1;3;3999;3567;3796;3770;1025;283;2746;41;1752;443;1947;117;237;247;0;7812
2005;0;1;29;0;5;0;0;44;1;1;106;22;9;1;5;10;0;17;34;0;1;0;0;0;4;1;99;0;1;14;0;0;1;157;0;0;0;17;1604;16;0;0;0;2;2;6;7;1;2;34;20;0;14;0;0;5;8;45;2;2;0;5;1;0;0;0;16;113;0;0;1;0;1;237;2;31;0;0;1;3;0;0;0;0;2;12;16;1;324;95;31;13;127;15;137;3;352;6;55;2;0;;19;2;0;2;5;1;0;16;0;4;3;0;3;0;0;49;0;0;1;0;1;0;1;0;127;2;0;0;12;0;3;1;0;1;48;1;10;1;0;29;0;12;1;8;37;0;2;1;1;10;20;3;88;19;14;1;136;1;0;3;1;27;422;0;0;0;0;0;0;108;2;14;0;0;10;12;5;0;0;114;101;3;0;0;0;0;0;15;12;14;73;1;61;0;0;0;10;6;72;13;0;0;1;85;31;156;1;1674;2;32;0;45;26;0;5;1;3;4005;3817;3810;4011;1019;289;2958;42;1749;461;1958;118;246;257;0;8078
2006;0;1;27;0;6;0;0;48;1;1;108;21;11;1;5;11;0;17;34;0;1;0;0;0;5;1;101;0;1;14;0;0;1;156;0;0;0;17;1771;17;0;0;0;2;2;6;7;1;2;35;21;0;16;0;0;5;8;48;2;2;0;5;1;0;0;0;19;111;0;0;1;0;2;240;2;31;0;0;1;3;1;0;0;0;2;11;16;1;344;95;27;13;137;17;136;3;346;6;60;3;0;;20;1;0;2;4;1;0;15;0;4;3;0;3;0;0;49;0;0;1;0;1;0;1;0;130;3;1;0;13;1;3;1;0;1;47;1;10;1;0;27;0;12;1;11;39;0;2;1;1;8;18;3;92;18;17;1;138;1;0;3;1;28;438;0;0;0;0;0;0;118;1;17;0;0;12;12;5;0;0;122;98;3;0;0;0;0;0;15;12;14;75;1;62;0;0;0;12;6;77;13;0;0;1;91;33;155;2;1652;2;33;0;44;27;0;6;1;3;4001;4074;3795;4279;1022;298;3156;45;1777;493;1938;120;249;271;0;8346
2007;1;1;30;0;7;0;0;48;1;1;110;20;8;1;7;12;0;17;33;0;1;0;0;0;5;1;107;0;2;15;0;0;1;162;0;0;0;19;1905;16;0;0;0;2;2;7;7;2;2;35;17;0;15;0;0;5;9;51;2;2;0;5;2;0;0;0;18;108;0;0;1;0;2;232;3;31;0;0;1;3;1;0;0;0;2;12;16;1;371;106;17;13;140;17;134;3;356;6;62;3;0;;20;2;1;2;4;1;0;14;0;4;3;0;3;0;0;50;0;0;1;0;1;0;1;0;131;3;1;0;13;1;3;1;0;1;47;1;10;1;0;26;0;12;1;12;43;0;2;2;1;9;19;3;92;17;17;2;143;1;0;4;1;28;438;0;0;0;0;0;0;105;1;16;0;0;13;11;5;0;0;127;101;3;0;0;0;0;0;14;12;18;76;1;63;0;0;0;12;6;85;15;0;0;1;92;36;153;2;1673;2;33;0;41;27;0;6;1;3;4026;4281;3835;4472;1010;309;3353;46;1762;492;1967;121;257;287;0;8594
2008;1;1;30;0;7;0;0;51;2;1;112;20;10;1;8;12;0;18;33;0;1;0;0;0;5;1;113;0;2;15;0;0;1;158;0;0;0;19;2046;18;0;0;0;2;2;6;8;2;2;34;19;0;14;0;0;6;8;53;2;2;0;5;2;0;0;0;16;106;0;0;1;0;1;233;2;30;0;0;1;3;1;0;0;0;2;12;16;1;399;100;25;13;146;19;131;3;336;6;62;3;0;2;22;2;1;2;5;1;0;15;0;4;3;0;3;0;0;55;0;1;1;0;1;0;1;0;135;3;1;0;14;1;3;1;0;1;48;1;10;1;0;26;0;12;1;11;42;0;2;1;1;11;21;4;90;16;18;1;146;1;0;4;1;27;447;0;0;0;0;0;0;118;1;14;0;0;16;11;5;0;0;135;92;3;0;0;0;1;0;14;12;18;73;1;62;0;0;0;12;7;84;15;0;0;1;89;42;149;2;1614;2;34;0;46;31;0;6;1;2;3924;4537;3737;4724;987;322;3515;47;1742;529;1907;124;275;291;0;8752
2009;2;1;33;0;8;0;0;49;1;1;110;18;9;1;8;13;0;17;29;0;1;0;0;0;6;1;106;0;2;13;0;0;1;149;0;0;0;18;2152;20;0;0;0;2;2;6;8;2;2;31;15;0;13;0;0;5;9;55;2;1;0;4;2;0;0;0;15;101;0;0;1;0;2;216;2;28;0;0;1;3;1;0;1;1;2;11;14;1;440;110;28;12;153;17;116;2;317;6;61;3;0;2;24;2;1;2;6;1;0;14;0;4;3;1;2;0;0;55;0;1;1;0;1;1;1;0;130;4;0;0;14;1;3;1;0;1;46;1;10;1;0;20;0;12;1;11;42;0;2;1;1;14;21;4;86;16;19;2;147;1;0;4;1;22;417;0;0;0;0;0;0;127;1;13;0;0;25;10;4;0;0;137;81;4;0;0;0;1;0;13;12;17;69;1;66;0;1;0;12;7;86;14;0;0;1;76;45;135;2;1495;2;29;0;46;34;0;7;1;1;3638;4710;3497;4850;907;325;3655;46;1602;553;1774;121;271;278;0;8625
2010;2;1;32;0;8;0;0;51;1;1;110;20;8;1;8;15;0;17;31;0;1;0;0;0;6;1;120;0;2;13;1;0;1;153;0;0;0;19;2352;21;0;1;0;2;2;6;9;1;2;32;14;1;13;0;0;6;10;55;2;2;0;5;2;0;0;0;17;103;0;0;1;0;2;227;3;27;0;0;1;3;1;0;1;1;2;11;14;1;458;123;30;11;156;19;119;2;332;6;68;3;0;2;24;2;1;2;5;1;0;17;0;4;3;0;2;1;0;59;0;1;1;0;1;1;1;0;127;4;1;0;15;1;4;1;0;1;50;1;10;1;0;31;0;12;1;13;42;0;2;1;1;16;23;4;91;14;20;2;163;1;0;4;1;21;440;0;0;0;0;0;0;141;2;12;0;0;15;10;4;0;0;127;77;4;0;0;0;1;0;14;12;17;74;1;70;0;1;0;13;7;86;16;0;0;1;80;49;140;2;1549;2;28;0;50;38;0;6;1;2;3771;5033;3617;5186;935;332;3933;48;1664;580;1828;122;295;296;0;9099
2011;3;1;33;0;8;0;0;52;1;1;111;19;9;1;8;15;0;17;29;0;1;0;0;0;6;1;126;0;3;15;1;0;1;156;0;0;0;21;2601;21;0;1;0;2;2;6;8;1;2;31;10;1;12;0;0;6;10;58;2;3;0;5;2;0;0;0;15;96;0;0;1;0;2;221;3;26;0;0;1;3;1;0;1;1;2;12;14;1;486;138;37;10;158;19;116;2;345;6;65;4;0;2;24;2;1;2;6;1;0;13;0;4;3;0;3;1;0;59;0;1;1;0;1;1;1;0;132;6;1;0;15;1;4;1;0;1;46;1;9;1;0;35;0;12;1;15;42;0;3;1;1;13;23;5;91;14;22;2;170;1;0;4;1;23;454;0;0;0;0;0;0;136;2;13;0;0;8;10;4;0;0;129;78;4;0;0;0;1;0;13;11;16;75;1;69;0;1;0;13;7;93;17;0;0;1;84;53;128;2;1512;2;31;0;48;41;0;6;1;3;3729;5375;3576;5528;908;344;4250;48;1644;595;1800;122;301;303;0;9406
2012;3;1;35;0;9;0;0;52;2;0;110;18;10;1;7;17;0;17;28;0;1;0;0;0;6;1;136;0;3;13;1;0;1;155;0;0;0;22;2668;22;0;1;0;2;2;5;8;2;2;30;10;1;11;0;0;6;10;57;2;3;0;5;2;0;0;0;14;97;0;0;1;0;2;222;4;25;0;0;1;3;1;0;1;1;2;12;13;1;536;142;42;10;165;20;110;2;356;6;67;3;0;2;27;3;1;2;6;1;0;14;0;4;3;0;2;1;0;59;0;1;1;0;1;1;1;0;135;10;1;0;16;1;3;1;0;1;45;1;10;1;0;32;0;12;1;16;42;0;3;1;1;15;24;5;89;14;25;2;172;1;0;4;1;23;459;0;0;0;0;0;0;154;2;12;0;0;13;10;4;0;0;126;76;4;0;0;0;1;0;13;12;13;74;1;74;0;1;0;12;7;97;18;0;0;1;83;55;133;2;1457;2;31;0;50;39;0;5;1;2;3673;5572;3530;5715;888;342;4400;48;1630;639;1748;122;317;300;0;9544
2013;2;1;36;0;9;0;0;52;2;0;107;18;10;1;8;17;0;17;28;0;1;0;0;0;6;2;145;0;2;12;1;0;2;157;0;0;0;22;2716;24;0;1;0;2;3;5;8;2;2;29;7;1;11;0;0;6;11;56;2;3;0;5;3;0;0;0;14;98;0;0;1;0;2;227;4;22;0;0;1;3;1;0;1;1;3;12;12;1;556;135;45;10;167;17;101;2;359;6;69;3;0;2;22;3;1;2;6;1;0;11;0;4;3;0;2;1;0;66;0;1;1;0;1;1;1;0;134;12;1;0;15;1;4;1;0;2;45;1;10;1;1;33;0;12;1;17;41;0;3;1;1;12;26;5;88;13;23;1;174;1;0;4;1;20;442;0;0;0;0;0;0;148;2;12;0;0;15;10;4;0;0;124;69;4;0;0;0;1;0;12;12;9;75;1;78;0;0;0;12;7;94;18;0;0;1;81;56;130;3;1494;2;30;0;57;41;0;7;1;3;3668;5656;3543;5781;866;344;4483;48;1587;626;1785;119;333;304;0;9629
2014;2;2;39;0;9;0;0;51;2;0;109;18;10;1;8;18;0;17;26;0;1;0;0;0;5;2;152;0;2;12;1;0;2;156;0;0;0;21;2725;24;0;1;0;2;3;5;7;2;2;28;8;1;10;0;0;6;12;60;2;3;0;5;3;0;0;0;13;89;0;0;1;0;2;216;4;21;0;0;1;4;1;0;1;1;3;12;12;1;597;136;45;10;175;16;95;2;345;7;76;4;0;2;21;3;1;2;7;1;0;19;0;4;3;0;2;1;0;67;0;1;1;0;1;1;1;0;131;8;1;0;16;2;4;1;0;2;43;1;10;1;1;35;0;12;1;17;43;0;3;2;1;13;28;6;85;13;25;2;172;1;0;5;1;21;443;0;0;0;0;0;0;166;2;10;0;0;15;9;4;0;0;131;70;5;0;0;0;1;0;12;11;8;75;1;77;0;0;0;13;8;99;19;0;0;1;70;55;120;3;1507;2;29;0;51;46;0;7;1;3;3609;5781;3493;5897;829;372;4536;49;1526;656;1795;121;336;307;0;9697
2015;2;1;41;0;9;0;0;53;1;0;110;18;10;1;9;20;0;16;28;0;1;0;0;0;5;1;144;0;2;13;1;0;2;156;0;0;0;22;2688;25;0;1;0;2;3;5;8;2;2;29;7;1;10;0;0;6;11;60;2;3;0;4;3;0;0;0;12;90;0;0;1;0;3;217;4;20;0;0;1;4;1;0;1;1;3;12;13;1;619;151;45;11;172;17;99;2;334;7;79;4;0;2;25;3;3;2;7;1;0;16;0;4;3;1;2;1;0;63;0;1;0;0;1;1;1;0;132;6;1;0;16;2;6;1;0;2;45;1;10;1;1;31;0;12;1;17;46;0;3;2;2;13;31;6;86;14;25;2;173;1;1;6;1;21;443;0;0;0;0;0;0;184;3;12;0;0;17;9;4;0;0;123;74;5;0;0;0;1;0;12;11;8;75;1;78;0;1;0;12;8;104;19;0;0;1;61;59;115;3;1466;2;28;0;49;53;0;3;1;3;3560;5808;3460;5908;843;361;4542;51;1527;683;1754;122;329;319;0;9687
2016;2;1;41;0;9;0;0;52;1;0;114;18;10;1;9;21;0;16;27;0;2;0;0;0;6;2;134;0;2;12;1;0;3;153;0;0;0;23;2653;25;0;1;0;2;3;5;8;2;2;29;8;1;10;0;0;7;11;64;2;3;0;5;4;0;0;0;13;91;0;0;1;0;3;219;5;19;0;0;1;5;1;0;1;1;3;12;13;1;650;153;53;11;174;17;98;2;329;7;79;5;0;2;28;3;4;2;7;1;0;15;0;4;2;0;2;1;0;68;0;1;0;0;1;1;1;0;132;7;1;0;16;2;7;1;0;3;45;1;9;1;1;32;0;12;1;16;57;0;3;2;2;14;33;6;89;14;24;2;174;1;0;5;1;20;442;0;0;0;0;0;0;174;3;12;0;0;11;10;4;0;0;127;71;6;0;0;0;1;0;12;11;8;76;2;77;0;1;0;11;8;110;19;0;0;1;64;59;109;3;1432;2;30;0;46;53;0;3;2;3;3517;5835;3424;5928;845;370;4558;49;1526;689;1717;125;318;323;0;9675
2017;2;1;42;0;8;0;0;51;2;0;113;19;10;1;9;22;0;16;27;0;2;0;0;0;6;2;137;0;3;13;1;0;4;155;0;0;0;23;2708;24;0;1;0;2;3;5;7;1;2;29;6;1;9;0;0;7;11;68;2;3;0;5;4;0;0;0;12;92;0;0;1;0;3;214;4;20;0;0;1;5;1;0;1;1;2;12;13;1;664;157;58;11;194;16;96;2;324;7;84;4;0;2;26;3;5;2;8;1;0;15;0;4;3;1;2;1;0;68;0;1;0;0;1;1;1;0;126;9;1;0;17;2;7;1;0;3;44;1;10;2;1;31;0;12;1;18;64;0;3;2;2;15;37;6;92;15;27;2;179;1;0;6;1;21;449;0;0;0;0;0;0;175;3;12;0;0;11;10;4;0;0;127;75;6;0;0;0;1;0;12;10;9;78;2;78;0;1;0;11;8;116;19;0;0;1;61;46;106;3;1421;2;29;0;44;53;0;3;2;3;3513;5956;3417;6052;851;378;4654;48;1534;712;1702;125;316;336;0;9804
2018;2;1;44;0;7;0;0;49;2;0;114;18;10;1;9;23;0;17;27;0;2;0;0;0;6;2;132;0;3;12;1;0;4;158;0;0;0;23;2808;23;0;1;0;2;3;5;6;1;2;29;5;1;9;0;0;7;10;62;2;3;0;5;4;0;0;0;13;88;0;0;1;0;3;206;5;20;0;0;1;5;1;0;1;1;3;12;13;1;710;168;58;11;193;17;95;2;312;7;87;5;0;2;26;3;5;2;7;1;0;15;0;4;3;0;2;1;0;74;0;1;0;0;1;1;1;0;124;13;1;0;17;2;9;1;0;4;43;2;10;1;1;35;0;12;1;17;65;0;3;2;2;15;38;7;92;14;29;2;183;1;0;6;1;21;462;0;0;0;0;0;0;170;3;12;0;0;13;10;4;0;0;127;74;6;0;0;0;1;0;11;10;8;77;2;75;0;1;0;11;8;114;19;0;0;2;63;42;104;3;1467;2;31;0;33;61;0;3;2;3;3542;6114;3435;6221;831;378;4829;49;1526;700;1750;126;298;345;0;10001
2019;3;1;45;0;6;0;0;46;2;0;113;19;11;1;9;26;0;17;27;0;2;0;1;0;7;2;133;0;3;12;1;0;4;159;0;0;0;24;2863;25;0;1;0;2;3;5;6;1;2;28;8;1;8;0;0;8;10;62;2;3;0;3;4;0;0;0;12;86;0;0;1;0;3;194;5;18;0;0;1;6;1;0;1;1;3;11;13;1;717;180;61;10;200;17;93;2;302;7;81;5;0;2;26;3;9;2;7;1;0;15;0;4;3;0;2;1;0;76;0;1;0;0;1;1;1;0;119;24;1;0;19;2;10;1;0;5;42;2;10;2;1;36;0;12;1;17;64;0;3;2;2;15;40;7;87;13;31;2;177;1;0;6;1;20;458;0;0;0;0;0;0;170;3;13;0;0;12;9;4;0;0;130;69;6;0;0;0;1;0;11;10;8;75;2;74;0;1;0;11;8;109;21;0;0;2;61;42;101;3;1434;2;31;0;27;71;0;3;2;3;3453;6221;3336;6337;794;384;4917;51;1482;709;1712;127;291;343;0;10016
2020;3;1;42;0;6;0;0;43;2;0;107;17;10;1;10;25;0;16;23;0;2;0;1;0;6;2;128;0;3;10;1;0;4;146;0;0;0;22;2911;24;0;1;0;2;3;5;5;1;2;24;8;1;7;0;0;8;8;58;2;3;0;3;4;0;0;0;11;76;0;0;1;0;3;176;4;14;0;0;1;5;1;0;1;1;3;9;13;1;667;161;58;9;203;15;83;2;281;7;80;4;0;2;24;3;9;2;7;1;0;14;0;4;2;0;2;1;0;74;0;1;0;0;1;1;1;0;97;24;1;0;18;2;10;1;0;5;38;2;9;1;0;34;0;11;1;17;64;0;3;2;2;12;37;6;82;11;29;2;164;1;0;5;1;20;430;0;0;0;0;0;0;171;3;12;0;0;12;8;3;0;0;123;57;6;0;0;0;1;0;11;9;8;75;3;70;0;1;0;10;8;107;21;0;0;1;58;41;90;3;1287;2;31;0;23;69;0;3;2;3;3137;6090;3014;6213;709;362;4847;46;1350;701;1530;120;271;274;0;9500
